participant_number,",",to,the,i,of,that,a,when,in,wa,n't,cautiou,:,more,and,at,relief,becaus,alert,stress,be,get,nervou,frustrat,littl,it,bit,level,confus,dog,fear,back,game,thi,hope,go,but,out,what,with,still,me,anxiou,not,shot,surpris,would,did,see,start,curiou,jump,satisfi,increas,for,anxieti,threaten,about,they,tri,'',truck,how,neutral,do,have,than,on,work,``,time,light,over,happen,reliev,chase,move,so,?,car,from,again,-,charact,die,befor,if,resign,accomplish,thought,wait,feel,up,curios,dread,scare,here,figur,is,can,could,make,'s,water,(,shock,),guy,hide,come,felt,flashlight,know,sound,there,someth,past,will,caught,determin,less,satisfact,high,got,realiz,he,run,realli,scene,;,as,caution,spike,away,mild,fridg,no,control,just,made,knew,came,oh,slight,like,point,pass,background,ca,use,were,had,noth,--,expect,first,far,view,after,second,solut,strategi,continu,trip,might,annoy,way,into,next,saw,new,slightli,behind,lot,plan,grab,interact,find,hopeless,want,peopl,are,moment,by,kept,death,open,think,leav,land,veri,&,medium,now,nois,log,escap,disappoint,drown,much,door,crate,while,'m,or,hit,cue,breath,nervous,low,pretti,anoth,checkpoint,most,strateg,worri,part,same,afraid,through,begin,person,place,differ,bark,dure,down,rock,went,cornfield,higher,keep,heard,underwat,safe,other,test,sens,fight,pig,close,catch,show,anticip,stay,my,sure,seen,around,end,wall,okay,music,too,peak,whi,unsur,becam,some,also,watch,abl,hint,threat,becom,resolv,fall,follow,look,uncertainti,state,right,gotten,wonder,highest,faster,front,attent,gameplay,should,left,surfac,forward,road,scari,puzzl,turn,bore,concern,miss,surviv,happi,notic,gunshot,stop,excit,cautious,an,last,off,closer,'re,steadi,alt,man,throughout,'ll,wo,environ,been,focus,even,anyth,I,problem,yet,fast,'d,take,kill,headlight,heighten,awar,hear,irrit,trigger,chang,challeng,sequenc,all,movement,definit,one,.,key,ha,ahead,mayb,whether,kid,object,distanc,she,choke,glad,took,between,you,sad,beat,tool,disgust,shoot,need,rise,side,restart,confid,enemi,obstacl,press,shit,discoveri,hidden,unexpect,root,tactic,though,where,sheet,small,underli,calm,els,box,doe,cliff,somewhat,self,enough,grow,hesit,myself,screen,gone,someon,edg,bad,onli,insid,split,both,each,long,avoid,action,amount,splash,crouch,toward,puddl,curious,outrun,clueless,push,play,break,success,reach,face,wrong,sudden,lack,helpless,puzzle-solv,extra,instead,space,big,until,mildli,recent,multipl,experi,cheat,team,viewer,pressur,gate,mostli,hand,huge,am,fairli,well,explor,ran,section,two,frustat,block,camper,air,potenti,troubl,foreshadow,seem,stuck,panicki,gross,farther,fearful/threaten,pleasantli,quickli,stess,them,whole,rang,sinc,somewher,slow,apprehens,',harder,child,valid,mix,direct,swim,check,visibl,branch,lessen,reduc,outcom,understand,shift,contin,ask,loud,walk,rememb,care,similar,distract,drive,upon,vulner,b/c,especi,eugh,powerless,pop,startl,heavi,item,slide,alarm,alreadi,graphic,ani,slowli,futil,apathi,particip,unpleas,fenc,later,pop-up,speed,river,damn,thing,ground,aw,rapid,super,2,then,quit,slid,rather,earli,altern,cave,tini,immedi,activ,automat,stake,almost,inevit,observ,tens,kind,cautious/alert,head,complet,lower,dead,capabl,draw,moder,pay,postur,constant,climb,sever,suppos,button,immens,given,indiffer,gradual,childish,otherwis,hold,embarrass,lesser,incom,help,'ve,heavili,him,her,!,good,compar,depress,further,limbo,appear,tire,evalu,barrier,angri,nooo,everyth,anymor,half,option,cover,rout,emot,remov,attract,mean,forget,encount,event,fail,commit,approach,drop,gasp,oppon,screw,clue,equal,lose,initi,supris,spot,solv,gun,adventur,mask,vuler,double-check,consequ,sit,restricted/slow,bush,=,redo,done,insecur,vs,fight-or-flight,respons,replac,frame,mind,god,helpness,incompet,peac,limit,lean,mechan,taken,aback,tutori,+,drove,stand,fun,problem-solv,aspect,ppl,platform,present,moreso,upcom,fear/dread,unexpectedli,apathet,4th,attach,intellectu,possibl,prospect,autopilot,deep,dig,debri,freak,wari,neg,shee,scariest,sensor,load,o,paus,without,marker,straighten,terrifi,negoti,worst,storm,learn,stronger,danger,aha,set,properli,medium-high,earlier,defeat,abov,cautioun,total,bird,sort,greater,trick,doubt,curious/nerv,upset,stone,search,maintain,engag,preoccupi,period,resurfac,contempl,grasp,straw,flight,brief,top,blck,crush,crash,minut,quicker,quieten,fine,import,build,respawn,curos,barb,wire,foreground,duck,put,piec,anyway,omin,forebod,phew,onward,out/breath,quicken,overhang,form,dissip,scout,rock/tool,intensifi,sound/chas,gore,clevel,puzzley,grim,smaller,resolut,audio,trap,disgust/dread,intens,flash,panic,surround,cool,correct,gulp,sensat,tranquil,effect,tension,wet,gritti,piti,respect,relat,physic,addit,instruct,talk,pull,men,stood,roll,louder,fulli,meant,clear,fearful/cauti,accident,click,scared/threaten,behav,bare,proud,altogeth,chaser,alert/cauti,blood,entir,triumph,jaw,lay,bubbl,fog,bottom,hill,kick,appreci,art,froze,esl,liter,smrt,SO,satisf,step,fleet,passag,brought,threw,suffoc,proceed,*sighed*,patient,halfway,loss,unawar,longer,*facial,express,damnit,hehehehhe,30,goal,twig,non-threaten,familiar,element,caravan,accid,leftov,depth,baselin,life,area,poepl,relieg,tombston,health,woah,sad/disappoint,motion,opn,sceneri,morbid,focu,omg,short-liv,wors,pensiv,call,3,loudest,stealth,fli,remaind,poor,entertain,switch,cant,anxiety/stress,visual,alongsid,anxiety-induc,assum,split-second,slighli,'am,met,wood,understood,relax,fascin,hell,thu,'sit,stuff,stage,function,mid,hate,undetect,attempt,urgenc,experiment,posit,lucki,instinct,final,cautiosu,better,easili,time-pressur,rain,purpos,return,retri,flaslight,forest,lake,pigs/what,await,previou,nervious,heart,e,attack,effici,simpl,listen,queue,warm,cruel,twist,neck,review,memori,known,factor,account,quiet,gon,na,kinda,quietli,reviv,full,shone,pick,forth,boredom,chin,undecid,decis,tear,meat,rememberd,achiev,context,friend,regist,lije,shine,fell,mangl,everi,wast,extrem,ther,coudl,correctli,sometim,third,progress,streadi,player,must,mani,beng,breather,satisif,100,%,satisi,onc,hang,decreas,aka,coud,gamplay,becamenerv,caution/nerv,surprise/annoy,nervous/anxi,empath,uh-oh,ye,frustration/annoy,ta,gave,everytim,logic,state_
interview-1.csv,37,10,7,2,25,1,17,2,7,1,1,5,2,7,7,1,8,1,5,2,3,0,0,6,3,0,3,1,0,4,15,1,3,0,5,1,3,1,1,1,1,1,0,3,0,0,0,2,3,0,1,0,1,6,1,5,0,0,0,1,35,0,0,0,0,4,3,0,0,34,1,0,0,0,3,1,0,1,0,0,0,0,0,2,1,0,0,0,3,1,0,1,0,5,2,1,0,0,1,1,0,0,0,0,0,0,0,0,2,1,1,0,0,0,1,2,0,0,0,0,2,0,0,0,0,0,1,4,0,1,0,0,2,1,0,0,0,2,3,0,0,0,3,1,1,0,0,1,0,0,1,0,0,0,1,2,1,0,0,0,0,0,0,0,0,1,2,1,0,0,0,0,0,8,0,0,0,1,4,0,1,1,1,1,0,3,1,0,0,0,1,0,0,0,0,0,0,0,0,1,0,0,0,0,0,0,0,2,1,1,1,0,0,0,0,0,0,0,0,0,2,0,0,0,1,1,1,0,0,0,0,0,0,0,0,2,2,1,0,0,0,0,0,0,0,1,0,0,0,0,0,0,0,0,0,0,0,0,0,0,0,0,0,0,0,0,1,0,0,5,1,0,0,0,0,0,0,0,0,0,0,0,0,0,0,0,0,0,0,0,0,0,1,0,0,0,4,1,1,0,0,0,0,0,0,0,0,0,0,0,0,0,0,0,0,0,0,0,2,0,0,0,0,0,0,0,0,0,1,1,1,0,0,0,0,0,0,0,0,0,0,0,0,0,0,0,0,0,0,0,0,1,0,0,2,0,0,0,0,0,0,2,1,1,0,0,0,0,0,0,0,0,0,0,0,0,0,0,0,0,0,0,0,0,0,0,0,0,0,0,0,0,0,0,0,1,0,0,0,0,0,1,0,0,0,0,0,0,0,0,2,1,2,1,2,1,1,1,0,0,0,0,0,0,0,0,0,0,0,0,0,0,0,0,0,0,0,0,0,0,0,0,0,0,0,0,0,0,0,0,0,0,0,0,0,0,0,0,0,0,0,0,0,0,0,1,1,0,0,0,0,0,1,0,0,0,0,0,0,0,0,0,0,0,0,0,1,2,2,1,2,2,0,0,0,0,0,0,0,0,0,0,0,0,0,0,0,0,0,0,0,0,0,0,0,0,0,0,0,0,0,0,0,0,0,0,0,0,0,0,0,0,0,0,0,0,0,0,0,0,0,0,0,0,0,0,0,0,0,0,0,0,0,0,0,0,0,0,0,0,0,0,0,0,0,0,0,0,0,0,0,0,0,0,0,0,0,0,0,0,1,1,0,0,0,0,0,0,0,0,0,0,0,0,0,0,0,0,0,0,0,0,0,0,0,1,1,1,1,1,1,1,1,1,1,1,1,1,1,1,1,1,1,1,1,1,1,1,1,1,1,1,0,0,0,0,0,0,0,0,0,0,0,0,0,0,0,0,0,0,0,0,0,0,0,0,0,0,0,0,0,0,0,0,0,0,0,0,0,0,0,0,0,0,0,0,0,0,0,0,0,0,0,0,0,0,0,0,0,0,0,0,0,0,0,0,0,0,0,0,0,0,0,0,0,0,0,0,0,0,0,0,0,0,0,0,0,0,0,0,0,0,0,0,0,0,0,0,0,0,0,0,0,0,0,0,0,0,0,0,0,0,0,0,0,0,0,0,0,0,0,0,0,0,0,0,0,0,0,0,0,0,0,0,0,0,0,0,0,0,0,0,0,0,0,0,0,0,0,0,0,0,0,0,0,0,0,0,0,0,0,0,0,0,0,0,0,0,0,0,0,0,0,0,0,0,0,0,0,0,0,0,0,0,0,0,0,0,0,0,0,0,0,0,0,0,0,0,0,0,0,0,0,0,0,0,0,0,0,0,0,0,0,0,0,0,0,0,0,0,0,0,0,0,0,0,0,0,0,0,0,0,0,0,0,0,0,0,0,0,0,0,0,0,0,0,0,0,0,0,0,0,0,0,0,0,0,0,0,0,0,0,0,0,0,0,0,0,0,0,0,0,0,0,0,0,0,0,0,0,0,0,0,0,0,0,0,0,0,0,0,0,0,0,0,0,0,0,0,0,0,0,0,0,0,0,0,0,0,0,0,0,0,0,0,0,0,0,0,0,0,0,0,0,0,0,0,0,0,0,0,0,0,0,0,0,0,0,0,0,0,0,0,0,0,0,0,0
interview-10.csv,34,25,12,1,21,5,15,4,6,7,5,7,11,1,5,2,0,8,7,13,2,5,3,4,0,2,10,5,0,3,3,2,3,3,1,0,3,6,6,2,4,3,6,3,2,4,7,2,7,6,6,2,5,2,1,0,4,4,0,3,0,6,3,0,4,2,1,0,3,0,6,2,7,3,4,5,3,0,1,1,1,2,0,6,2,1,1,3,0,3,1,1,2,1,1,0,2,3,0,0,3,0,1,4,0,0,0,0,2,2,0,0,1,1,2,1,2,0,0,0,1,1,2,0,2,0,2,0,6,3,0,0,0,1,0,0,0,1,0,2,2,0,0,0,1,1,0,3,0,1,1,2,0,0,2,0,0,1,1,2,1,1,1,2,2,0,0,2,4,1,1,0,0,0,0,1,0,0,1,1,1,0,2,0,1,0,0,0,1,1,3,5,1,0,3,0,1,0,1,0,1,0,0,0,0,0,0,1,0,1,0,1,1,2,2,0,0,0,0,0,0,1,0,0,0,0,0,1,1,1,0,0,0,0,0,2,0,0,1,0,0,0,0,0,0,0,2,1,1,2,0,0,0,0,0,0,0,0,0,0,0,0,0,0,2,0,1,0,0,0,0,1,1,1,1,0,0,0,0,0,0,0,0,0,0,3,0,0,0,0,1,0,0,0,1,0,0,2,0,1,2,0,0,0,0,0,0,0,0,0,0,0,0,0,0,0,0,0,0,0,0,0,0,0,6,0,0,0,0,1,0,1,1,0,0,0,0,0,0,0,0,0,0,0,0,0,0,0,0,0,0,0,0,0,0,0,0,0,0,0,0,0,0,0,1,2,1,1,1,0,0,0,0,0,0,0,0,0,0,0,0,0,0,0,0,0,0,0,0,0,0,0,0,0,0,0,1,0,0,0,0,0,0,0,0,0,0,0,0,0,0,0,0,0,0,0,0,1,1,1,1,1,1,1,0,0,0,0,0,0,0,0,0,0,0,0,0,0,0,0,0,0,0,0,0,0,0,0,0,0,0,0,0,0,0,0,0,0,0,0,0,0,0,0,0,0,1,1,1,0,0,0,0,0,0,0,0,0,0,0,0,0,0,0,0,0,1,0,0,0,0,0,2,1,1,1,1,2,1,1,1,1,2,1,1,1,0,0,0,0,0,0,0,0,0,0,0,0,0,0,0,0,0,0,0,0,0,0,0,0,0,0,0,0,0,0,0,0,0,0,0,0,0,0,0,0,0,0,0,0,0,0,0,0,0,0,0,0,0,0,0,0,0,0,0,0,0,0,0,0,0,0,0,0,0,0,0,0,0,0,0,0,1,1,0,0,0,0,0,0,0,0,0,0,0,0,0,0,0,0,0,0,0,0,0,0,0,0,0,0,0,0,0,0,0,0,0,0,0,0,0,0,0,0,0,0,0,0,0,0,0,0,1,1,1,1,1,1,1,1,1,1,1,1,1,1,1,1,1,1,1,1,1,1,1,1,1,1,0,0,0,0,0,0,0,0,0,0,0,0,0,0,0,0,0,0,0,0,0,0,0,0,0,0,0,0,0,0,0,0,0,0,0,0,0,0,0,0,0,0,0,0,0,0,0,0,0,0,0,0,0,0,0,0,0,0,0,0,0,0,0,0,0,0,0,0,0,0,0,0,0,0,0,0,0,0,0,0,0,0,0,0,0,0,0,0,0,0,0,0,0,0,0,0,0,0,0,0,0,0,0,0,0,0,0,0,0,0,0,0,0,0,0,0,0,0,0,0,0,0,0,0,0,0,0,0,0,0,0,0,0,0,0,0,0,0,0,0,0,0,0,0,0,0,0,0,0,0,0,0,0,0,0,0,0,0,0,0,0,0,0,0,0,0,0,0,0,0,0,0,0,0,0,0,0,0,0,0,0,0,0,0,0,0,0,0,0,0,0,0,0,0,0,0,0,0,0,0,0,0,0,0,0,0,0,0,0,0,0,0,0,0,0,0,0,0,0,0,0,0,0,0,0,0,0,0,0,0,0,0,0,0,0,0,0,0,0,0,0,0,0,0,0,0,0,0,0,0,0,0,0,0,0,0,0,0,0,0,0,0,0,0,0,0,0,0,0,0,0,0,0,0,0,0,0,0,0,0,0,0,0,0,0,0,0,0,0,0,0,0,0,0,0,0,0,0,0,0,0,0,0,0,0,0,0,0,0,0,0,0,0,0,0,0,0,0,0,0
interview-11.csv,29,25,24,17,12,9,5,17,8,6,4,6,0,3,3,8,8,4,3,0,2,5,11,2,4,3,4,2,5,7,8,7,3,2,1,11,3,2,1,3,2,6,1,2,4,1,3,3,5,2,0,5,0,3,0,12,5,0,3,3,0,5,1,5,2,3,3,7,0,0,2,4,2,0,1,1,2,1,0,1,1,2,2,1,2,4,4,0,2,5,1,0,1,0,4,3,3,0,1,2,3,1,2,2,7,3,7,2,0,0,0,6,1,1,1,0,1,1,0,2,2,1,0,3,0,1,1,0,2,1,1,0,1,2,1,2,2,0,1,2,0,4,1,1,0,0,1,1,0,0,0,0,0,0,0,0,1,0,0,0,0,0,0,0,3,0,0,0,0,1,0,1,0,1,0,1,0,0,1,0,0,1,1,2,5,1,0,0,0,1,0,0,0,1,1,1,0,0,2,1,0,1,1,0,0,2,0,1,0,0,1,0,0,0,0,1,1,1,0,0,0,0,0,0,0,0,0,0,1,0,1,1,0,0,0,0,0,1,1,0,2,2,1,0,0,0,0,0,0,0,1,1,1,1,1,0,0,0,0,0,0,0,0,0,1,0,0,0,0,0,0,0,0,0,0,2,1,1,0,0,0,0,0,0,0,0,1,0,0,0,0,0,2,2,0,0,0,1,1,0,1,1,2,3,2,0,0,0,0,0,0,0,0,0,0,0,0,0,0,0,0,0,0,0,0,0,0,0,0,0,0,0,0,1,2,1,1,0,0,0,0,0,0,0,0,0,0,0,0,0,0,0,0,1,0,1,0,0,0,0,3,0,0,0,0,0,0,0,0,1,0,0,0,0,0,0,0,0,0,0,0,0,0,0,0,0,0,0,0,0,0,0,0,0,0,0,0,2,2,0,0,0,0,0,0,0,0,0,0,0,0,0,0,0,0,0,0,0,0,1,0,0,0,0,1,3,3,1,1,0,0,0,0,0,0,0,0,0,0,0,0,0,0,0,0,0,0,0,0,0,0,0,0,0,0,0,0,0,0,0,0,0,0,0,0,0,0,0,0,1,2,0,0,0,0,0,1,0,0,0,0,0,0,0,0,0,0,0,0,0,0,0,0,0,0,1,0,0,0,1,0,0,0,0,0,0,1,1,2,1,0,0,0,0,0,0,0,0,0,0,0,0,0,0,0,0,0,0,0,0,0,0,0,0,0,0,0,0,0,0,0,0,0,0,0,0,0,0,0,0,0,0,0,0,0,0,0,0,0,0,0,0,0,0,0,0,0,0,0,0,0,0,0,0,0,0,0,0,0,0,0,0,0,0,2,1,0,0,0,0,0,0,0,0,0,0,0,0,0,0,0,0,0,0,0,0,0,0,0,0,0,0,0,0,0,0,0,0,0,0,0,0,0,0,0,0,0,0,0,0,0,0,0,0,0,0,0,0,0,0,0,0,0,0,0,0,0,0,0,0,0,0,0,0,0,0,0,0,1,1,1,1,1,1,1,1,1,0,0,0,0,0,0,0,0,0,0,0,0,0,0,0,0,0,0,0,0,0,0,0,0,0,0,0,0,0,0,0,0,0,0,0,0,0,0,0,0,0,0,0,0,0,0,0,0,0,0,0,0,0,0,0,0,0,0,0,0,0,0,0,0,0,0,0,0,0,0,0,0,0,0,0,0,0,0,0,0,0,0,0,0,0,0,0,0,0,0,0,0,0,0,0,0,0,0,0,0,0,0,0,0,0,0,0,0,0,0,0,0,0,0,0,0,0,0,0,0,0,0,0,0,0,0,0,0,0,0,0,0,0,0,0,0,0,0,0,0,0,0,0,0,0,0,0,0,0,0,0,0,0,0,0,0,0,0,0,0,0,0,0,0,0,0,0,0,0,0,0,0,0,0,0,0,0,0,0,0,0,0,0,0,0,0,0,0,0,0,0,0,0,0,0,0,0,0,0,0,0,0,0,0,0,0,0,0,0,0,0,0,0,0,0,0,0,0,0,0,0,0,0,0,0,0,0,0,0,0,0,0,0,0,0,0,0,0,0,0,0,0,0,0,0,0,0,0,0,0,0,0,0,0,0,0,0,0,0,0,0,0,0,0,0,0,0,0,0,0,0,0,0,0,0,0,0,0,0,0,0,0,0,0,0,0,0,0,0,0,0,0,0,0,0,0,0,0,0,0,0,0,0,0,0,0,0,0,0,0,0
interview-12.csv,42,26,29,24,4,12,4,8,6,5,6,9,0,1,4,13,6,2,6,1,3,9,10,2,3,4,1,0,3,3,4,9,2,6,9,11,5,2,5,4,0,1,2,5,5,4,4,3,0,5,3,1,0,1,1,1,0,1,1,3,3,0,2,4,2,1,1,3,1,3,1,3,0,6,2,3,0,5,0,4,1,5,0,1,1,1,2,1,4,0,1,1,0,0,6,0,1,0,1,5,2,3,5,1,2,0,2,4,4,1,0,0,0,1,1,1,4,0,3,0,2,2,0,2,1,2,5,0,2,0,0,1,1,1,0,0,2,0,2,0,3,1,3,0,0,3,1,1,0,2,0,1,2,0,0,2,2,0,1,0,0,1,1,1,0,0,0,0,0,1,0,0,0,0,0,2,2,0,2,2,0,0,0,0,4,0,0,0,0,1,0,0,0,1,1,0,0,0,1,0,0,1,1,1,2,0,0,0,0,0,1,0,0,0,0,0,1,1,1,1,1,1,1,0,0,0,1,0,1,0,0,1,1,2,0,0,0,1,0,1,1,0,0,0,1,0,0,1,0,1,0,2,0,0,0,1,0,0,0,0,0,0,0,0,0,2,0,0,0,0,0,0,0,0,0,0,1,0,0,0,0,0,0,0,0,0,0,0,0,0,1,0,0,0,0,0,0,0,0,1,0,0,0,1,2,1,1,1,0,0,0,0,0,0,0,0,0,0,0,0,0,0,0,1,0,0,0,0,0,0,2,0,0,0,1,0,0,3,1,0,0,0,0,0,0,0,0,0,0,0,0,0,0,0,0,0,2,0,0,0,0,1,0,0,0,0,0,0,0,1,1,1,1,0,0,0,0,0,0,0,0,0,0,0,0,0,0,0,0,0,0,0,0,0,0,0,1,0,0,0,0,0,0,0,0,0,0,0,0,0,0,0,0,0,0,0,0,0,0,0,0,0,0,0,1,0,0,0,0,1,2,2,0,0,0,0,0,0,0,0,0,0,0,0,0,0,0,0,0,0,0,0,0,0,0,0,0,0,0,0,0,0,0,0,0,0,0,0,0,0,0,1,0,0,0,0,0,0,1,1,0,0,0,0,0,0,0,0,0,0,0,0,0,0,0,0,0,0,0,0,0,0,0,0,0,0,0,0,0,0,1,1,1,1,2,1,1,1,1,0,0,0,0,0,0,0,0,0,0,0,0,0,0,0,0,0,0,0,0,0,0,0,0,0,0,0,0,0,0,0,0,0,0,0,0,0,0,0,0,0,0,0,0,0,0,0,0,0,0,0,0,0,0,0,0,0,0,0,0,0,0,0,0,0,0,0,0,0,0,0,0,0,0,0,0,0,0,0,0,0,0,0,0,0,0,0,0,0,0,0,0,0,0,0,0,0,0,0,0,0,0,0,0,0,0,0,0,0,0,0,0,0,0,0,0,0,0,0,0,0,0,0,0,0,0,0,0,0,0,0,0,0,0,0,0,0,0,0,0,0,0,0,0,0,0,0,0,1,1,1,1,1,0,0,0,0,0,0,0,0,0,0,0,0,0,0,0,0,0,0,0,0,0,0,0,0,0,0,0,0,0,0,0,0,0,0,0,0,0,0,0,0,0,0,0,0,0,0,0,0,0,0,0,0,0,0,0,0,0,0,0,0,0,0,0,0,0,0,0,0,0,0,0,0,0,0,0,0,0,0,0,0,0,0,0,0,0,0,0,0,0,0,0,0,0,0,0,0,0,0,0,0,0,0,0,0,0,0,0,0,0,0,0,0,0,0,0,0,0,0,0,0,0,0,0,0,0,0,0,0,0,0,0,0,0,0,0,0,0,0,0,0,0,0,0,0,0,0,0,0,0,0,0,0,0,0,0,0,0,0,0,0,0,0,0,0,0,0,0,0,0,0,0,0,0,0,0,0,0,0,0,0,0,0,0,0,0,0,0,0,0,0,0,0,0,0,0,0,0,0,0,0,0,0,0,0,0,0,0,0,0,0,0,0,0,0,0,0,0,0,0,0,0,0,0,0,0,0,0,0,0,0,0,0,0,0,0,0,0,0,0,0,0,0,0,0,0,0,0,0,0,0,0,0,0,0,0,0,0,0,0,0,0,0,0,0,0,0,0,0,0,0,0,0,0,0,0,0,0,0,0,0,0,0,0,0,0,0,0,0,0,0,0,0,0,0,0,0,0,0,0,0,0,0,0,0,0,0
interview-13.csv,26,19,10,10,8,0,10,1,5,7,5,5,17,6,1,6,2,0,0,18,4,7,3,2,1,0,8,10,12,2,2,2,1,6,1,3,3,2,8,3,6,2,2,1,4,6,6,3,3,6,1,3,6,2,0,0,3,5,3,1,0,1,4,1,4,4,0,2,1,0,2,1,2,2,4,0,2,0,9,1,0,6,1,1,1,0,3,0,2,1,0,10,0,4,0,0,0,0,1,2,1,0,1,2,1,0,1,0,1,2,2,0,1,1,2,3,2,3,2,0,0,0,3,1,3,0,0,0,0,2,0,0,0,0,0,2,0,2,0,0,0,0,1,0,1,1,1,0,0,4,0,0,0,4,0,0,0,0,1,0,0,2,0,0,1,3,2,0,1,1,0,2,1,1,0,1,0,0,0,0,0,0,1,0,0,0,0,0,1,2,0,0,2,0,0,0,0,0,0,0,0,2,0,0,1,0,1,0,1,0,0,1,2,0,0,1,0,0,0,0,1,0,0,0,0,0,0,2,0,0,1,0,0,0,0,1,0,1,0,0,0,0,0,0,0,0,2,0,2,0,0,0,1,0,0,0,4,2,1,1,0,0,0,1,1,0,2,1,0,2,0,0,0,1,0,0,0,0,1,0,0,0,0,0,0,0,0,1,0,1,1,1,0,0,0,0,0,0,0,0,0,0,0,0,0,0,0,0,1,2,2,0,0,0,0,0,0,0,0,0,0,0,0,0,0,0,0,0,0,0,0,0,0,0,0,0,0,0,2,0,0,0,0,0,0,0,0,0,0,0,0,0,0,0,1,1,0,1,0,1,0,0,0,0,0,1,0,0,1,0,1,0,0,1,1,1,1,0,0,0,0,0,0,0,0,0,0,0,0,0,0,0,0,0,0,0,0,0,0,0,0,0,0,0,1,0,0,0,0,0,1,0,0,0,0,0,0,0,0,0,0,0,0,0,0,0,0,0,0,0,0,0,2,2,1,1,0,0,0,0,0,0,0,0,0,0,0,0,0,0,0,0,0,0,0,0,0,0,0,0,0,0,0,0,0,0,0,0,0,0,0,0,2,0,0,0,0,0,0,0,0,0,0,0,0,0,0,0,0,0,0,0,0,1,0,0,0,0,0,0,0,0,0,0,0,0,0,0,0,0,0,0,0,0,0,0,0,0,0,2,0,0,0,0,0,0,0,0,0,0,0,0,0,0,0,0,0,0,0,0,0,0,0,0,0,0,0,0,0,0,0,0,0,0,0,0,0,0,0,0,0,0,0,0,0,0,0,0,0,0,0,0,0,0,0,0,0,0,0,0,0,0,0,0,0,0,1,0,0,0,0,0,0,0,0,0,0,0,0,0,0,0,0,0,0,0,0,0,0,0,0,0,0,0,0,0,0,0,0,0,0,0,0,0,0,0,0,0,0,0,0,0,0,0,0,0,0,0,0,0,0,0,0,0,0,0,0,0,0,0,0,0,0,0,0,0,0,0,0,0,0,0,0,0,0,0,0,0,0,0,0,0,1,1,1,1,1,1,1,1,1,1,1,0,0,0,0,0,0,0,0,0,0,0,0,0,0,0,0,0,0,0,0,0,0,0,0,0,0,0,0,0,0,0,0,0,0,0,0,0,0,0,0,0,0,0,0,0,0,0,0,0,0,0,0,0,0,0,0,0,0,0,0,0,0,0,0,0,0,0,0,0,0,0,0,0,0,0,0,0,0,0,0,0,0,0,0,0,0,0,0,0,0,0,0,0,0,0,0,0,0,0,0,0,0,0,0,0,0,0,0,0,0,0,0,0,0,0,0,0,0,0,0,0,0,0,0,0,0,0,0,0,0,0,0,0,0,0,0,0,0,0,0,0,0,0,0,0,0,0,0,0,0,0,0,0,0,0,0,0,0,0,0,0,0,0,0,0,0,0,0,0,0,0,0,0,0,0,0,0,0,0,0,0,0,0,0,0,0,0,0,0,0,0,0,0,0,0,0,0,0,0,0,0,0,0,0,0,0,0,0,0,0,0,0,0,0,0,0,0,0,0,0,0,0,0,0,0,0,0,0,0,0,0,0,0,0,0,0,0,0,0,0,0,0,0,0,0,0,0,0,0,0,0,0,0,0,0,0,0,0,0,0,0,0,0,0,0,0,0,0,0,0,0,0,0,0,0,0,0,0,0,0,0,0,0,0,0,0,0,0,0,0,0,0,0,0,0
interview-14.csv,21,24,32,3,17,3,16,10,11,5,7,3,17,3,7,0,5,7,3,9,7,5,14,4,12,4,4,9,2,3,6,0,7,5,3,1,5,3,3,6,12,0,0,4,1,5,6,6,4,2,3,3,1,7,7,0,0,5,0,6,0,8,6,0,3,1,2,1,2,0,2,1,1,0,2,4,6,1,3,5,2,2,4,5,1,0,3,0,1,4,0,1,2,1,0,14,0,3,1,3,1,1,1,3,0,1,0,0,2,3,1,3,2,1,2,1,4,2,0,2,3,0,3,0,0,0,1,0,0,2,5,0,0,2,0,2,0,2,1,0,2,1,0,1,1,2,3,0,0,3,1,1,1,2,1,0,0,0,1,2,0,2,1,0,1,0,0,0,0,0,1,0,1,0,0,2,0,2,1,3,2,0,0,0,0,0,1,3,0,2,0,2,2,0,0,0,0,2,0,1,0,0,1,0,1,2,0,0,1,0,0,0,2,0,2,0,0,0,1,1,0,0,1,1,1,2,1,0,0,0,0,0,0,0,0,0,0,2,0,1,0,0,0,0,0,0,0,0,4,0,1,0,0,0,1,0,0,0,1,0,1,0,0,0,1,0,0,0,4,0,0,0,1,2,0,1,0,2,1,1,1,1,0,0,0,0,0,0,0,0,0,0,0,1,0,0,0,0,0,0,1,0,0,0,0,1,0,0,0,0,0,3,1,1,0,0,0,0,0,2,1,0,0,0,0,0,0,0,1,0,0,0,0,0,0,0,2,0,0,1,1,2,2,0,0,0,0,0,0,1,5,0,0,0,0,0,0,0,0,0,0,0,0,0,0,1,0,1,0,0,0,0,0,0,0,0,0,2,2,1,1,0,0,0,0,0,0,0,0,0,0,0,0,0,0,1,0,0,0,2,0,0,0,0,0,1,0,0,0,0,0,1,0,0,0,1,1,0,0,0,0,1,0,0,0,0,0,0,0,0,0,0,0,0,0,0,1,1,1,0,0,0,0,0,0,0,0,0,0,0,0,0,0,0,0,0,0,0,0,0,0,0,0,0,0,0,1,0,0,1,0,1,0,1,0,0,0,0,0,0,0,0,0,0,0,1,0,0,0,0,0,0,0,0,0,0,0,0,0,0,0,0,0,0,0,0,0,0,0,0,0,0,0,0,0,0,0,0,0,0,1,1,1,1,0,0,0,0,0,0,0,0,0,0,0,0,0,0,0,0,0,0,0,0,0,0,0,0,0,0,0,0,0,0,0,0,0,0,0,0,0,0,0,0,0,0,0,0,0,0,0,0,0,0,0,0,0,0,0,0,0,0,1,0,0,1,0,1,1,0,0,0,0,0,0,0,0,0,0,0,0,0,0,0,0,0,0,0,0,0,0,0,0,0,0,0,0,0,0,0,0,0,0,0,0,0,0,0,0,0,0,0,0,0,0,0,0,0,0,0,0,0,0,0,0,0,0,0,0,0,0,0,0,0,0,0,0,0,0,0,0,0,0,0,0,0,0,0,0,0,0,0,0,0,0,0,0,0,0,0,0,0,0,1,1,1,1,1,1,1,1,1,1,1,1,1,1,1,0,0,0,0,0,0,0,0,0,0,0,0,0,0,0,0,0,0,0,0,0,0,0,0,0,0,0,0,0,0,0,0,0,0,0,0,0,0,0,0,0,0,0,0,0,0,0,0,0,0,0,0,0,0,0,0,0,0,0,0,0,0,0,0,0,0,0,0,0,0,0,0,0,0,0,0,0,0,0,0,0,0,0,0,0,0,0,0,0,0,0,0,0,0,0,0,0,0,0,0,0,0,0,0,0,0,0,0,0,0,0,0,0,0,0,0,0,0,0,0,0,0,0,0,0,0,0,0,0,0,0,0,0,0,0,0,0,0,0,0,0,0,0,0,0,0,0,0,0,0,0,0,0,0,0,0,0,0,0,0,0,0,0,0,0,0,0,0,0,0,0,0,0,0,0,0,0,0,0,0,0,0,0,0,0,0,0,0,0,0,0,0,0,0,0,0,0,0,0,0,0,0,0,0,0,0,0,0,0,0,0,0,0,0,0,0,0,0,0,0,0,0,0,0,0,0,0,0,0,0,0,0,0,0,0,0,0,0,0,0,0,0,0,0,0,0,0,0,0,0,0,0,0,0,0,0,0,0,0,0,0,0,0,0,0,0,0,0,0,0,0,0,0,0,0,0,0,0,0,0
interview-15.csv,33,29,25,11,9,12,6,7,8,4,5,11,1,1,5,17,9,6,1,6,8,6,7,0,0,3,1,0,5,4,4,6,3,4,1,3,3,6,2,4,2,3,0,5,2,8,2,2,1,4,1,7,4,1,4,2,3,1,2,1,0,0,4,5,2,1,4,1,1,0,2,3,2,0,1,2,3,1,1,2,0,0,1,0,4,5,2,3,2,0,1,0,1,1,2,2,4,1,2,1,0,7,0,3,3,3,3,2,1,2,0,1,2,3,1,0,2,4,1,1,3,0,1,2,2,1,2,2,2,0,1,2,1,0,4,2,1,1,2,0,1,0,1,0,0,0,0,2,0,0,1,1,0,0,0,0,0,3,0,2,2,0,0,0,2,0,0,3,1,0,0,0,0,0,1,0,1,1,0,0,1,1,2,0,0,1,1,0,2,0,0,0,0,0,2,0,0,0,0,1,1,0,0,0,2,0,1,0,1,0,0,0,1,0,0,1,0,0,0,0,0,1,0,1,0,0,1,0,0,0,1,0,0,0,0,0,1,0,1,0,2,0,1,1,0,0,0,0,0,0,0,0,0,0,0,0,0,0,0,0,0,1,0,0,0,0,1,2,0,0,0,0,0,0,0,0,1,0,0,0,0,1,2,1,0,0,0,0,4,0,0,1,1,2,0,0,0,0,0,0,0,0,0,0,0,1,1,2,0,0,0,0,0,0,0,0,0,0,0,0,0,0,0,1,0,0,0,0,2,0,0,0,0,0,0,0,0,1,0,0,0,0,0,1,4,0,0,0,0,0,0,0,0,0,0,0,1,0,0,0,0,0,0,0,0,0,0,0,0,0,0,0,0,0,0,1,0,0,0,0,0,1,1,1,0,0,0,0,0,0,0,0,0,0,0,0,0,0,0,0,0,0,1,0,0,0,0,0,0,0,0,0,0,1,0,0,0,0,0,0,1,0,0,0,0,0,0,0,0,0,0,0,0,0,0,0,0,0,0,1,1,3,1,0,0,0,0,0,0,0,0,0,0,0,0,0,0,0,0,0,0,0,0,0,0,0,0,0,0,0,0,0,0,0,1,0,0,0,0,0,0,0,0,0,0,0,0,0,0,0,0,0,0,0,0,0,0,0,0,0,0,0,0,0,0,0,0,0,0,0,0,0,0,1,0,0,0,0,0,0,0,0,0,0,1,1,1,0,0,0,0,0,0,0,0,0,0,0,0,0,0,0,0,0,0,0,0,0,0,0,0,0,0,0,0,0,0,0,0,0,0,0,0,0,0,0,0,0,0,0,0,0,0,0,0,0,0,0,0,0,0,1,0,0,0,0,0,0,0,0,0,0,0,0,0,0,0,0,0,0,0,0,0,0,0,0,0,0,0,0,0,0,0,0,0,0,0,0,0,0,0,0,0,0,0,0,0,0,0,0,0,0,0,0,0,0,0,0,0,0,0,0,0,0,0,0,0,0,0,0,0,0,0,0,0,0,0,0,0,0,0,0,0,0,0,0,0,0,0,0,0,0,0,0,0,0,0,0,0,0,0,0,0,0,0,0,0,0,0,0,0,0,0,0,0,0,0,0,1,1,1,1,1,1,1,1,1,1,1,1,1,1,1,1,0,0,0,0,0,0,0,0,0,0,0,0,0,0,0,0,0,0,0,0,0,0,0,0,0,0,0,0,0,0,0,0,0,0,0,0,0,0,0,0,0,0,0,0,0,0,0,0,0,0,0,0,0,0,0,0,0,0,0,0,0,0,0,0,0,0,0,0,0,0,0,0,0,0,0,0,0,0,0,0,0,0,0,0,0,0,0,0,0,0,0,0,0,0,0,0,0,0,0,0,0,0,0,0,0,0,0,0,0,0,0,0,0,0,0,0,0,0,0,0,0,0,0,0,0,0,0,0,0,0,0,0,0,0,0,0,0,0,0,0,0,0,0,0,0,0,0,0,0,0,0,0,0,0,0,0,0,0,0,0,0,0,0,0,0,0,0,0,0,0,0,0,0,0,0,0,0,0,0,0,0,0,0,0,0,0,0,0,0,0,0,0,0,0,0,0,0,0,0,0,0,0,0,0,0,0,0,0,0,0,0,0,0,0,0,0,0,0,0,0,0,0,0,0,0,0,0,0,0,0,0,0,0,0,0,0,0,0,0,0,0,0,0,0,0,0,0,0,0,0,0,0,0,0,0,0,0,0,0,0,0,0,0,0
interview-17.csv,39,13,12,12,19,1,10,8,7,0,0,0,26,2,0,6,2,2,11,5,2,3,1,3,2,2,7,14,0,5,2,0,5,4,4,1,3,4,1,5,3,0,2,1,1,0,0,0,4,4,1,3,4,2,4,4,2,1,0,3,0,0,4,0,3,3,0,0,1,0,0,0,1,1,0,1,2,1,9,3,2,2,0,4,2,0,0,0,0,0,3,8,0,5,2,0,3,0,4,1,0,1,0,2,0,0,0,0,1,1,2,1,0,4,1,1,1,4,0,0,0,2,10,0,0,0,1,2,0,0,1,4,0,1,0,1,2,2,1,1,1,0,1,0,2,1,0,3,0,0,0,0,1,2,0,1,2,0,1,0,2,0,0,0,0,0,1,0,0,1,1,0,0,0,0,1,4,2,0,1,0,2,3,3,0,0,0,1,0,0,0,2,1,0,0,0,0,0,1,0,0,0,0,0,0,0,7,0,4,4,0,0,0,0,1,0,0,0,0,1,0,0,1,0,1,0,0,1,0,1,1,0,0,0,2,0,0,0,0,0,0,0,0,1,0,0,0,0,0,0,0,0,0,1,1,0,0,0,0,2,2,0,0,2,0,1,1,0,1,0,0,1,0,0,0,0,0,0,0,0,0,0,0,0,0,1,0,0,0,0,0,0,0,0,0,0,0,1,0,0,1,0,0,0,0,1,0,0,2,0,0,0,1,0,1,0,0,0,1,0,1,2,1,0,0,2,0,0,0,0,0,0,0,0,0,0,1,0,0,3,1,0,0,1,0,1,0,0,0,0,0,2,0,0,0,0,0,1,0,0,0,1,0,0,0,0,2,1,1,0,0,0,0,0,1,0,0,0,0,0,0,0,0,1,0,0,0,0,0,0,0,0,0,0,0,0,0,0,0,0,1,0,0,0,0,1,0,0,0,0,0,0,0,1,1,0,0,1,0,0,1,0,0,0,0,0,0,1,0,0,0,0,1,0,0,1,0,0,0,0,0,0,0,2,1,2,1,1,3,3,0,0,0,0,0,0,0,0,0,0,0,0,0,0,0,0,0,0,0,0,0,0,0,1,0,1,1,0,0,0,0,0,0,0,0,0,0,0,0,0,0,0,0,0,0,0,0,0,0,0,0,1,0,0,0,1,0,0,0,0,0,0,0,0,0,0,1,0,0,0,0,0,0,0,0,1,0,2,1,2,1,2,1,1,2,1,0,0,0,0,0,0,0,0,0,0,0,0,0,0,0,0,0,0,0,0,0,0,0,0,0,0,0,0,0,0,0,0,0,0,0,0,0,0,0,0,0,0,0,0,0,0,0,0,0,0,0,0,0,1,1,2,1,1,0,0,0,0,0,0,0,0,0,0,0,0,0,0,0,0,0,0,0,0,0,0,0,0,0,0,0,0,0,0,0,0,0,0,0,0,0,0,0,0,0,0,0,0,0,0,0,0,0,0,0,0,0,0,0,0,0,0,0,0,0,0,0,0,0,0,0,0,0,0,0,0,0,0,0,0,0,0,0,0,0,0,0,0,0,0,0,0,0,0,0,0,0,0,0,0,0,0,0,0,0,0,0,0,0,0,0,0,0,0,0,0,0,0,0,0,0,0,0,0,1,1,1,1,1,1,1,1,1,1,1,1,1,1,1,1,1,1,1,1,1,1,1,1,1,1,1,1,1,1,1,1,1,1,1,1,1,1,1,1,1,1,1,1,1,1,1,0,0,0,0,0,0,0,0,0,0,0,0,0,0,0,0,0,0,0,0,0,0,0,0,0,0,0,0,0,0,0,0,0,0,0,0,0,0,0,0,0,0,0,0,0,0,0,0,0,0,0,0,0,0,0,0,0,0,0,0,0,0,0,0,0,0,0,0,0,0,0,0,0,0,0,0,0,0,0,0,0,0,0,0,0,0,0,0,0,0,0,0,0,0,0,0,0,0,0,0,0,0,0,0,0,0,0,0,0,0,0,0,0,0,0,0,0,0,0,0,0,0,0,0,0,0,0,0,0,0,0,0,0,0,0,0,0,0,0,0,0,0,0,0,0,0,0,0,0,0,0,0,0,0,0,0,0,0,0,0,0,0,0,0,0,0,0,0,0,0,0,0,0,0,0,0,0,0,0,0,0,0,0,0,0,0,0,0,0,0,0,0,0,0,0,0,0,0,0,0,0,0,0,0,0,0,0,0,0,0,0,0,0,0,0,0,0
interview-18.csv,14,25,26,11,6,6,4,21,8,6,2,8,0,6,3,1,4,4,1,3,5,4,4,1,4,4,2,0,7,6,0,7,2,1,0,3,2,4,0,3,2,2,3,1,3,2,1,1,2,4,2,2,2,0,2,1,9,1,0,0,0,2,2,7,0,0,5,4,3,0,0,2,0,4,2,1,2,1,0,4,1,0,5,0,0,3,1,0,1,2,2,0,7,0,0,0,1,2,0,3,0,0,0,3,2,0,2,1,2,2,0,4,0,1,0,1,0,0,2,0,1,2,0,2,1,2,0,0,1,0,1,1,1,2,1,2,0,0,0,1,1,2,1,0,0,0,0,2,1,0,3,1,2,0,1,0,1,4,1,1,0,1,0,0,0,0,1,1,0,0,0,0,2,0,0,0,1,0,0,0,1,0,0,1,0,0,1,0,1,3,0,0,0,0,0,0,0,0,0,0,1,1,0,0,0,0,0,0,1,0,0,0,0,0,0,0,0,0,0,1,0,1,0,0,1,0,0,0,1,0,0,0,2,0,0,0,0,0,0,1,0,2,0,0,0,0,0,1,0,1,1,1,2,0,1,1,0,0,0,0,0,0,0,1,0,2,0,1,0,0,0,0,0,0,0,1,0,0,0,0,0,2,1,1,1,0,0,4,0,0,0,0,0,0,1,0,0,0,0,0,0,0,0,0,0,0,1,0,0,0,0,0,1,0,0,0,0,0,0,0,1,0,0,0,0,1,1,0,0,0,2,0,0,0,0,0,0,0,0,0,0,0,0,0,0,0,0,0,0,0,0,0,0,0,0,0,0,0,0,0,0,0,0,0,0,0,0,0,0,0,0,0,0,0,0,0,0,0,0,0,0,0,0,0,1,1,0,0,0,0,0,0,0,0,0,0,0,0,0,0,0,0,0,0,0,0,1,0,0,2,0,0,0,0,0,0,0,0,0,0,0,0,0,0,0,0,0,0,1,0,0,0,0,0,1,0,0,0,0,0,1,0,0,0,0,0,0,0,0,0,1,0,0,0,0,0,0,0,0,0,0,0,0,0,0,0,0,0,0,0,0,0,0,0,0,0,0,1,0,0,0,0,0,0,0,0,0,0,0,0,0,0,0,0,0,0,0,0,0,0,0,0,0,0,0,0,0,0,0,0,0,0,0,0,0,0,0,0,0,0,0,1,0,0,1,0,0,0,0,0,0,0,0,0,0,0,2,1,1,1,0,0,0,0,0,0,0,0,0,0,0,0,0,0,0,0,0,0,0,0,0,0,0,0,0,0,0,0,0,0,0,0,0,0,0,0,0,0,0,0,0,0,0,0,0,0,0,0,0,0,0,0,0,0,0,0,0,0,0,0,0,0,0,0,0,0,0,0,0,0,0,0,0,0,0,0,0,0,0,0,0,0,0,0,0,0,0,0,0,0,0,0,0,0,0,0,0,0,0,0,0,0,0,0,0,0,0,0,0,0,0,0,0,0,0,0,0,0,0,0,0,0,0,0,0,0,0,0,0,0,0,0,0,0,0,0,0,0,0,0,0,0,0,0,0,0,0,0,0,0,0,0,0,0,0,0,0,0,0,0,0,0,0,0,0,0,0,0,0,0,0,0,0,0,0,0,0,0,0,0,0,0,0,0,0,0,0,0,0,0,0,0,0,0,0,0,0,0,0,0,0,0,0,0,0,0,0,0,0,0,0,0,0,0,0,0,0,0,0,0,0,1,1,1,1,1,1,1,1,1,1,1,0,0,0,0,0,0,0,0,0,0,0,0,0,0,0,0,0,0,0,0,0,0,0,0,0,0,0,0,0,0,0,0,0,0,0,0,0,0,0,0,0,0,0,0,0,0,0,0,0,0,0,0,0,0,0,0,0,0,0,0,0,0,0,0,0,0,0,0,0,0,0,0,0,0,0,0,0,0,0,0,0,0,0,0,0,0,0,0,0,0,0,0,0,0,0,0,0,0,0,0,0,0,0,0,0,0,0,0,0,0,0,0,0,0,0,0,0,0,0,0,0,0,0,0,0,0,0,0,0,0,0,0,0,0,0,0,0,0,0,0,0,0,0,0,0,0,0,0,0,0,0,0,0,0,0,0,0,0,0,0,0,0,0,0,0,0,0,0,0,0,0,0,0,0,0,0,0,0,0,0,0,0,0,0,0,0,0,0,0,0,0,0,0,0,0,0,0,0,0,0,0,0,0,0,0,0
interview-19.csv,9,35,21,3,22,0,19,1,3,1,1,4,10,1,4,7,8,0,3,1,9,7,0,8,12,0,18,8,3,4,3,0,4,2,1,0,0,3,2,1,1,1,1,5,5,9,1,2,5,3,2,5,1,1,4,0,1,6,0,1,0,4,1,2,4,11,0,1,0,0,1,1,7,0,2,2,1,2,5,1,6,4,0,8,1,1,0,0,1,0,4,0,1,5,0,0,1,2,2,0,0,0,3,1,0,0,0,2,2,0,1,0,1,2,2,0,0,1,3,0,0,0,3,0,0,1,1,0,3,1,0,2,0,3,0,0,0,4,3,0,0,0,0,0,1,0,1,0,0,2,0,0,0,4,0,0,0,0,2,0,0,0,0,1,0,2,0,0,0,1,0,0,3,1,0,0,0,0,0,0,0,0,0,1,0,0,2,1,1,1,0,1,1,0,0,3,5,0,1,0,2,1,1,0,0,2,0,0,0,1,0,0,2,0,0,0,0,0,0,0,0,0,0,1,0,0,0,3,0,1,0,0,0,0,0,0,1,0,0,0,0,0,0,0,1,0,0,0,0,0,2,0,1,0,0,1,0,0,0,0,0,1,0,0,0,0,0,0,0,0,2,0,2,1,0,0,0,2,1,1,0,1,0,0,0,0,0,0,0,1,0,0,0,0,0,0,0,0,0,0,0,0,0,2,0,0,0,0,0,1,0,0,1,0,0,0,0,0,0,0,0,0,0,1,0,0,0,1,0,1,0,1,0,0,2,0,0,0,0,0,0,0,0,2,0,0,1,0,0,0,0,1,0,0,0,0,0,0,0,0,0,0,0,0,0,0,0,0,0,0,0,0,0,1,0,1,0,0,1,0,0,0,0,0,1,0,1,0,0,0,0,0,0,0,0,0,0,0,1,0,0,0,0,0,0,1,0,1,1,0,0,0,0,0,0,0,0,0,0,0,0,1,0,1,0,0,0,0,0,0,0,0,0,1,0,0,0,0,0,0,0,0,1,0,0,0,0,0,0,0,0,3,1,0,0,0,0,0,0,0,0,0,0,0,0,0,0,0,1,0,0,0,0,0,0,0,0,0,1,1,0,1,0,0,0,1,0,0,0,1,0,0,0,0,0,0,0,0,0,0,0,0,0,0,0,0,0,0,0,0,0,0,0,0,0,0,0,0,0,0,0,0,0,0,0,0,0,0,1,0,0,0,0,0,0,1,0,0,0,0,2,1,2,1,2,1,1,1,0,0,0,0,0,0,0,0,0,0,0,0,0,0,0,0,0,0,0,0,0,0,0,0,0,0,0,0,0,0,0,0,0,0,0,0,0,0,0,1,0,0,0,0,0,0,2,1,1,0,0,0,0,0,0,0,0,0,0,0,0,0,0,0,0,0,0,0,0,0,0,0,0,0,0,0,0,0,0,0,0,0,0,0,0,0,0,0,0,0,0,0,0,0,0,0,0,0,0,0,0,0,0,0,0,0,0,0,0,0,0,0,0,0,0,0,0,0,0,0,0,0,0,0,0,0,0,0,0,0,0,0,0,0,0,0,0,0,0,0,0,0,0,0,0,0,0,0,0,0,0,0,0,0,0,0,0,0,0,0,0,0,0,0,0,0,0,0,0,0,0,0,0,0,0,0,0,0,0,0,0,0,0,0,0,0,0,0,0,0,0,0,0,0,0,0,0,0,0,0,0,0,0,0,0,0,0,0,0,0,0,0,0,0,0,0,0,0,0,0,0,0,0,0,1,1,1,1,1,1,1,1,1,1,1,1,1,1,1,1,1,1,1,1,0,0,0,0,0,0,0,0,0,0,0,0,0,0,0,0,0,0,0,0,0,0,0,0,0,0,0,0,0,0,0,0,0,0,0,0,0,0,0,0,0,0,0,0,0,0,0,0,0,0,0,0,0,0,0,0,0,0,0,0,0,0,0,0,0,0,0,0,0,0,0,0,0,0,0,0,0,0,0,0,0,0,0,0,0,0,0,0,0,0,0,0,0,0,0,0,0,0,0,0,0,0,0,0,0,0,0,0,0,0,0,0,0,0,0,0,0,0,0,0,0,0,0,0,0,0,0,0,0,0,0,0,0,0,0,0,0,0,0,0,0,0,0,0,0,0,0,0,0,0,0,0,0,0,0,0,0,0,0,0,0,0,0,0,0,0,0,0,0,0,0,0,0,0,0,0,0,0,0,0,0,0,0,0,0,0
interview-2.mov.csv,55,39,20,15,26,17,7,6,21,8,10,9,1,14,9,1,9,20,11,24,3,5,0,11,2,10,5,13,9,6,1,7,2,4,9,8,7,2,7,8,3,7,2,5,4,0,2,6,4,2,0,4,2,11,6,4,0,3,5,0,1,0,4,2,4,5,9,8,6,0,1,4,2,4,1,5,1,3,0,1,1,3,3,0,2,7,3,7,3,1,4,0,2,4,3,0,2,1,1,1,0,3,2,1,0,2,0,3,2,1,0,3,2,1,2,2,3,1,2,8,5,4,5,3,3,0,1,1,0,0,0,5,8,1,6,1,4,0,3,2,1,1,0,2,1,1,0,0,3,1,1,0,2,0,1,0,1,1,0,1,0,2,2,2,2,0,2,0,1,1,1,1,0,1,3,0,0,3,0,0,0,1,0,1,0,0,0,0,0,0,0,0,0,2,1,1,0,0,0,0,1,0,1,2,0,1,0,1,0,1,2,1,0,1,0,0,1,1,0,0,0,0,2,1,0,0,2,0,1,1,3,1,1,1,0,1,0,0,0,1,0,0,0,0,0,1,0,0,0,0,0,0,0,0,0,0,0,0,0,0,0,0,0,0,0,1,0,0,0,0,0,0,0,0,1,0,0,0,0,1,0,0,1,0,0,0,1,0,0,2,1,0,0,1,0,0,0,0,1,0,0,1,0,0,0,0,0,0,0,0,0,1,1,0,1,1,1,0,0,0,0,0,0,0,0,0,0,0,0,0,0,0,1,2,0,0,0,1,2,1,0,0,0,0,0,0,0,1,0,1,0,0,0,0,1,0,2,1,0,0,1,0,0,1,0,0,0,0,0,0,1,0,0,0,0,0,0,0,0,0,0,0,0,0,1,0,0,2,1,1,0,0,0,0,0,0,1,1,0,0,2,1,0,0,0,0,0,2,0,0,0,1,1,0,0,1,1,0,0,0,0,0,1,0,0,0,0,0,0,0,0,0,0,0,0,0,1,0,0,0,0,0,1,0,0,0,0,0,0,0,0,0,0,1,2,1,1,0,0,0,0,0,0,0,0,0,0,1,0,0,0,0,0,0,1,0,0,0,0,0,1,1,0,0,1,0,0,0,0,0,0,0,0,0,0,0,0,0,0,0,0,0,0,0,0,0,0,0,0,1,0,0,0,0,0,0,0,0,0,0,0,0,0,0,0,0,0,0,0,0,0,0,0,0,0,0,0,1,1,0,0,0,0,0,0,0,0,0,1,1,2,1,2,2,2,1,1,0,0,0,0,0,0,0,0,0,0,0,0,0,0,0,0,0,0,0,0,0,0,0,0,0,0,0,0,0,0,0,0,0,0,0,0,1,0,0,0,1,1,0,0,0,0,0,0,0,0,0,0,0,0,0,0,0,0,0,0,0,0,0,0,0,0,0,0,0,0,0,0,0,0,0,0,0,0,0,0,0,0,0,0,0,0,0,0,0,0,0,0,0,0,0,0,0,0,0,0,0,0,0,0,0,0,0,0,0,0,0,0,0,0,0,0,0,0,0,0,0,0,0,0,0,0,0,0,0,0,0,0,0,0,0,0,0,0,0,0,0,0,0,0,0,0,0,0,0,0,0,0,0,0,0,0,0,0,0,0,0,0,0,0,0,0,0,0,0,0,0,0,0,0,0,0,0,0,0,0,0,0,0,0,0,0,0,0,0,0,0,0,0,0,0,0,0,0,0,0,0,0,0,0,0,0,0,0,0,0,0,0,0,0,0,0,0,0,0,0,0,0,0,0,0,0,0,0,0,0,0,0,0,0,0,1,1,1,1,1,1,1,1,1,1,1,1,1,1,1,1,1,1,1,1,1,1,1,1,1,0,0,0,0,0,0,0,0,0,0,0,0,0,0,0,0,0,0,0,0,0,0,0,0,0,0,0,0,0,0,0,0,0,0,0,0,0,0,0,0,0,0,0,0,0,0,0,0,0,0,0,0,0,0,0,0,0,0,0,0,0,0,0,0,0,0,0,0,0,0,0,0,0,0,0,0,0,0,0,0,0,0,0,0,0,0,0,0,0,0,0,0,0,0,0,0,0,0,0,0,0,0,0,0,0,0,0,0,0,0,0,0,0,0,0,0,0,0,0,0,0,0,0,0,0,0,0,0,0,0,0,0,0,0,0,0,0,0,0,0,0,0,0,0,0,0,0,0,0,0,0,0,0,0,0,0,0,0,0,0,0
interview-20.csv,41,17,20,13,12,21,6,19,4,13,9,5,0,14,5,9,15,9,7,7,5,5,7,3,4,6,2,0,6,4,5,4,3,4,6,7,2,4,4,4,4,2,3,1,5,8,1,5,6,1,4,0,1,1,2,3,7,4,10,2,0,3,2,2,1,0,3,3,2,0,2,3,2,4,0,1,1,0,0,0,2,1,0,0,1,2,1,2,1,2,2,0,2,4,3,0,2,1,0,2,2,0,1,2,2,2,2,0,0,2,1,1,2,0,2,2,1,1,7,1,1,4,0,4,0,1,1,1,1,0,0,5,0,1,4,1,1,1,0,1,1,5,0,4,2,1,1,2,1,1,4,2,2,0,2,5,0,3,2,2,0,3,2,1,0,0,1,2,1,0,4,2,1,0,0,0,2,0,0,0,0,0,0,1,1,0,3,0,0,0,0,0,0,0,1,1,2,6,1,0,1,1,0,0,0,1,0,0,0,0,0,1,0,2,0,0,0,0,0,0,0,4,1,0,1,0,0,0,0,0,0,0,0,0,0,1,0,0,0,1,1,1,0,0,0,0,1,2,0,0,0,0,0,0,0,0,0,0,1,0,0,0,0,0,0,0,0,1,2,0,0,0,0,0,0,0,0,0,0,0,0,2,0,2,0,0,1,0,0,1,0,0,0,0,0,0,0,0,0,0,1,0,0,0,0,0,0,0,1,1,0,0,0,0,0,2,1,1,0,0,1,0,0,0,0,1,1,0,0,0,0,0,0,0,0,0,1,0,0,0,0,0,0,0,1,0,1,0,0,0,0,0,2,0,0,1,0,0,0,0,0,0,0,0,0,0,0,0,0,1,0,0,0,0,0,0,0,0,0,0,0,2,0,0,0,0,0,0,0,1,1,0,0,0,0,0,0,0,0,0,0,0,0,0,0,0,1,0,0,0,0,0,0,0,0,0,0,0,0,0,0,0,0,0,0,0,0,0,0,0,0,0,0,0,0,0,1,0,0,0,0,0,0,0,0,0,0,0,0,0,0,0,1,1,0,0,0,1,0,0,0,0,0,0,0,0,0,0,1,0,0,0,0,0,0,1,0,0,0,0,0,0,0,0,0,0,0,0,0,0,0,0,0,0,0,0,0,0,0,0,0,0,0,1,0,0,0,0,0,0,0,0,0,0,0,0,0,0,0,0,0,0,0,0,0,0,0,0,0,0,0,0,0,0,0,0,0,0,0,0,0,0,0,0,0,0,0,0,0,0,0,0,0,0,0,0,0,2,0,0,0,0,0,0,0,0,0,0,0,0,0,0,0,0,0,0,0,0,0,0,0,0,0,0,0,0,0,0,0,0,0,0,0,0,0,0,0,0,0,0,0,0,0,0,0,0,0,0,0,0,0,0,0,0,0,0,0,0,0,0,0,0,0,0,0,0,0,0,0,0,0,0,0,0,0,0,0,0,0,0,0,0,0,0,0,0,0,0,0,0,0,0,0,0,0,0,0,0,0,0,0,0,0,0,0,0,0,0,0,0,0,0,0,0,0,0,0,0,0,0,0,0,0,0,0,0,0,0,0,0,0,0,0,0,0,0,0,0,0,0,0,0,0,0,0,0,0,0,0,0,0,0,0,0,0,0,0,0,0,0,0,0,0,0,0,0,0,0,0,0,0,0,0,0,0,0,0,0,0,0,0,0,0,0,0,0,0,0,0,0,0,0,0,0,0,0,0,0,0,0,0,0,0,0,0,0,0,0,0,0,0,0,0,0,0,0,0,0,0,0,0,0,0,0,0,0,0,0,0,0,0,0,0,0,0,0,0,0,0,0,0,0,0,0,0,0,0,0,0,0,0,0,0,0,0,0,0,1,1,1,1,1,1,1,1,1,1,0,0,0,0,0,0,0,0,0,0,0,0,0,0,0,0,0,0,0,0,0,0,0,0,0,0,0,0,0,0,0,0,0,0,0,0,0,0,0,0,0,0,0,0,0,0,0,0,0,0,0,0,0,0,0,0,0,0,0,0,0,0,0,0,0,0,0,0,0,0,0,0,0,0,0,0,0,0,0,0,0,0,0,0,0,0,0,0,0,0,0,0,0,0,0,0,0,0,0,0,0,0,0,0,0,0,0,0,0,0,0,0,0,0,0,0,0,0,0,0,0,0,0,0,0,0,0,0,0,0,0,0,0,0,0,0,0,0,0,0,0,0,0,0,0,0,0,0,0,0,0
interview-21.csv,13,13,9,6,13,10,5,11,3,6,3,5,0,11,3,11,8,4,3,1,3,4,2,6,5,4,5,0,6,6,4,3,1,4,0,2,2,5,2,2,1,2,6,1,5,1,1,3,1,2,2,1,1,2,2,6,4,0,5,1,0,0,2,1,1,0,5,3,1,0,0,1,2,4,0,1,1,1,0,2,2,0,1,0,2,3,0,1,1,0,0,1,0,1,0,0,0,3,1,1,0,0,0,1,3,3,3,1,0,1,0,1,0,0,0,0,0,0,0,3,1,3,0,0,2,3,0,0,0,0,1,0,0,1,1,1,0,2,0,1,0,1,1,3,0,1,0,0,0,0,2,0,2,0,0,0,1,1,0,1,0,1,2,1,0,0,0,0,0,0,1,1,0,1,0,0,0,0,0,0,0,0,1,0,0,0,2,1,0,0,1,0,0,0,0,0,0,0,1,1,0,1,0,0,0,1,0,1,0,0,1,0,0,0,0,1,1,0,0,1,0,0,0,0,1,0,0,0,2,0,1,0,0,1,0,0,0,0,0,1,1,0,0,1,1,1,0,0,0,0,1,1,0,1,0,0,0,0,0,0,0,0,1,0,0,0,0,1,0,0,0,0,0,0,1,0,1,0,0,0,1,0,0,1,0,0,1,0,0,0,0,0,0,0,0,0,0,0,0,0,0,0,0,0,0,0,0,0,0,0,0,0,0,0,0,0,1,1,0,0,0,0,0,0,0,1,0,0,0,0,0,0,0,0,0,2,0,0,0,0,0,1,0,0,0,0,0,2,0,0,0,1,0,0,0,0,0,0,0,0,0,0,0,0,1,0,0,0,0,0,0,0,0,0,0,0,0,0,0,0,0,0,0,1,1,0,0,0,0,0,0,0,0,0,0,0,0,1,0,1,0,0,0,0,1,0,0,0,0,0,0,0,0,0,0,0,0,0,0,0,0,0,0,0,0,0,0,0,0,0,0,1,0,0,0,0,0,0,0,0,0,0,0,0,0,0,0,0,0,0,0,0,0,0,0,0,0,0,1,0,0,0,0,0,0,0,0,0,0,0,0,0,0,0,0,0,0,0,1,0,0,0,0,0,0,1,0,0,0,0,0,0,0,0,0,0,0,0,0,0,0,0,0,0,1,0,0,0,0,0,0,0,0,0,0,0,0,0,0,0,0,0,0,0,0,0,0,0,0,0,1,0,0,0,0,0,0,0,0,0,0,0,0,0,0,0,0,0,0,0,0,0,0,0,0,0,0,0,2,0,0,0,0,0,0,0,0,0,0,0,0,0,0,0,0,0,0,0,0,0,0,0,0,0,0,0,0,0,0,1,0,0,1,0,0,0,0,0,0,0,0,0,0,0,0,0,0,0,0,0,0,0,0,0,0,0,0,0,0,0,0,0,0,0,0,0,0,0,0,0,0,0,0,0,0,0,0,0,0,0,0,0,0,0,0,0,0,0,0,0,0,0,0,0,0,0,0,0,0,0,0,0,0,0,0,0,0,0,0,0,0,0,0,0,0,0,0,0,0,0,0,0,0,0,0,0,0,0,0,0,0,0,0,0,0,0,0,0,0,0,0,0,0,0,0,0,0,0,0,0,0,0,0,0,0,0,0,0,0,0,0,0,0,0,0,0,0,0,0,0,0,0,0,0,0,0,0,0,0,0,0,0,0,0,0,0,0,0,0,0,0,0,0,0,0,0,0,0,0,0,0,0,0,0,0,0,0,0,0,0,0,0,0,0,0,0,0,0,0,0,0,0,0,0,0,0,0,0,0,0,0,0,0,0,0,0,0,0,0,0,0,0,0,0,0,0,0,0,0,0,0,0,0,0,0,0,0,0,0,0,0,0,0,0,0,0,0,1,1,1,1,1,0,0,0,0,0,0,0,0,0,0,0,0,0,0,0,0,0,0,0,0,0,0,0,0,0,0,0,0,0,0,0,0,0,0,0,0,0,0,0,0,0,0,0,0,0,0,0,0,0,0,0,0,0,0,0,0,0,0,0,0,0,0,0,0,0,0,0,0,0,0,0,0,0,0,0,0,0,0,0,0,0,0,0,0,0,0,0,0,0,0,0,0,0,0,0,0,0,0,0,0,0,0,0,0,0,0,0,0,0,0,0,0,0,0,0,0,0,0,0,0,0,0,0,0,0,0,0,0,0,0,0,0,0,0,0,0,0,0,0,0,0,0,0,0,0,0
interview-22.csv,71,21,15,21,3,21,16,10,7,12,10,7,0,10,12,10,8,5,5,3,12,8,4,6,11,9,4,0,6,2,11,3,3,3,10,5,6,5,2,3,1,3,3,4,8,3,6,5,3,4,11,4,8,1,1,3,11,2,2,2,3,4,1,3,2,2,3,2,2,3,2,1,6,1,1,0,3,2,2,3,1,1,1,0,2,2,2,4,3,1,0,1,0,0,9,1,0,3,1,1,1,3,3,2,1,4,1,1,0,0,2,2,0,1,2,1,0,0,3,5,1,1,0,2,1,3,1,0,0,0,0,0,2,2,2,0,2,1,1,2,1,0,2,3,0,1,0,0,1,0,1,1,0,0,0,1,1,0,0,2,0,1,2,2,2,0,0,1,0,0,1,0,1,0,1,0,0,0,0,1,0,0,0,1,0,0,1,0,0,1,0,0,0,1,0,3,1,1,1,0,1,1,0,0,0,1,0,0,0,0,1,0,0,1,0,4,0,0,0,0,0,0,0,0,1,0,0,0,0,0,0,3,0,2,0,0,0,1,0,0,0,0,0,1,2,0,0,1,0,0,0,0,1,1,0,2,0,0,0,0,0,1,1,3,0,0,1,1,0,0,0,1,0,0,0,0,0,0,0,0,1,0,1,1,0,0,0,0,0,0,0,2,0,0,1,0,0,0,0,1,0,0,0,0,0,0,0,2,0,1,4,1,0,0,0,0,0,4,0,0,0,4,0,0,0,0,1,0,0,2,0,0,0,0,0,0,0,0,0,0,0,0,0,0,0,0,0,0,0,0,0,0,0,0,0,0,0,0,0,0,0,0,1,1,0,0,0,1,0,0,0,0,1,0,0,0,1,0,0,1,0,0,0,0,0,1,0,0,0,0,2,0,0,0,0,0,0,0,0,0,0,2,0,0,0,0,1,0,0,0,0,0,0,0,0,0,0,0,1,1,0,0,0,0,0,0,0,0,1,1,0,0,0,0,0,0,0,0,0,0,0,0,0,0,0,0,0,0,0,0,0,0,0,0,0,0,1,0,1,1,1,0,0,0,0,2,0,0,0,0,1,1,0,1,0,0,0,0,0,0,0,0,1,0,0,0,0,0,0,0,0,0,0,0,1,0,1,0,0,0,0,0,0,0,0,0,0,0,0,0,0,0,0,0,0,0,0,0,0,0,0,0,0,0,0,0,1,0,0,0,0,0,0,1,0,0,0,0,0,1,0,0,0,0,0,0,0,0,0,0,0,0,0,0,0,1,0,0,0,1,1,0,0,0,0,0,0,0,0,0,0,0,0,0,0,0,0,0,0,0,0,0,0,0,0,0,0,0,0,0,0,0,0,0,0,0,0,0,0,1,1,1,1,0,0,0,0,0,0,0,0,0,0,0,0,0,0,0,0,0,0,0,0,0,0,0,0,0,0,0,0,0,0,0,0,0,0,0,0,0,0,0,0,0,0,0,0,0,0,0,0,0,0,0,0,0,0,0,0,0,0,0,0,0,0,0,0,0,0,0,0,0,0,0,0,0,0,0,0,0,0,0,0,0,0,0,0,0,0,0,0,0,0,0,0,0,0,0,0,0,0,0,0,0,0,0,0,0,0,0,0,0,0,0,0,0,0,0,0,0,0,0,0,0,0,0,0,0,0,0,0,0,0,0,0,0,0,0,0,0,0,0,0,0,0,0,0,0,0,0,0,0,0,0,0,0,0,0,0,0,0,0,0,0,0,0,0,0,0,0,0,0,0,0,0,0,0,0,0,0,0,0,0,0,0,0,0,0,0,0,0,0,0,0,0,0,0,0,0,0,0,0,0,0,0,0,0,0,0,0,0,0,0,0,0,0,0,0,0,0,0,0,0,0,0,0,0,0,0,0,0,0,1,1,1,1,1,1,1,1,1,1,1,1,1,1,1,1,1,1,1,1,0,0,0,0,0,0,0,0,0,0,0,0,0,0,0,0,0,0,0,0,0,0,0,0,0,0,0,0,0,0,0,0,0,0,0,0,0,0,0,0,0,0,0,0,0,0,0,0,0,0,0,0,0,0,0,0,0,0,0,0,0,0,0,0,0,0,0,0,0,0,0,0,0,0,0,0,0,0,0,0,0,0,0,0,0,0,0,0,0,0,0,0,0,0,0,0,0,0,0,0,0,0,0,0,0,0,0,0,0,0,0,0,0,0,0,0,0,0,0,0,0,0,0,0,0,0
interview-23.csv,37,28,28,5,5,7,4,9,7,1,1,4,0,15,4,4,7,1,7,3,4,7,13,2,5,4,2,1,14,7,6,4,4,1,4,3,3,2,4,2,1,1,0,3,5,3,4,1,2,4,5,1,3,3,1,2,0,2,2,0,0,1,3,3,4,0,3,4,3,0,1,2,1,3,0,1,0,1,0,1,5,0,2,0,2,3,1,3,2,3,0,0,5,0,0,0,2,0,1,0,0,2,1,1,1,1,1,0,1,3,0,3,3,2,0,3,2,0,0,0,1,1,0,0,1,0,0,2,1,1,3,1,1,2,0,1,1,1,0,0,0,0,0,1,0,0,0,0,0,0,0,0,2,0,1,1,1,3,0,0,0,0,2,0,0,0,0,2,0,0,1,2,1,0,2,1,0,0,0,0,0,2,0,1,0,0,0,0,0,2,0,0,0,1,0,0,1,0,0,1,0,1,0,0,0,0,1,0,0,0,0,0,0,0,1,0,1,1,0,1,1,1,0,1,1,0,0,0,0,0,0,0,0,0,0,0,0,0,0,1,0,0,4,4,0,0,0,0,0,0,0,0,0,0,1,0,0,0,3,0,0,0,0,0,0,0,0,0,1,0,0,0,0,0,0,0,0,0,1,0,0,0,0,1,0,0,0,0,0,0,0,0,0,0,0,3,0,0,0,1,0,1,1,0,1,0,0,0,0,0,0,0,0,0,0,1,0,0,0,0,1,0,0,0,0,1,2,1,0,0,0,0,1,0,0,0,0,0,0,0,0,0,0,0,0,0,0,2,0,2,0,0,0,1,0,1,0,1,0,0,0,0,0,0,0,0,0,0,0,0,0,0,0,0,0,0,1,0,0,1,0,0,0,1,0,1,0,1,0,0,0,1,0,0,0,0,0,0,0,0,0,0,0,0,0,0,1,0,2,0,0,0,0,0,0,0,0,0,0,0,0,0,0,0,0,0,0,0,0,0,0,0,0,0,0,0,0,0,0,0,0,0,0,0,0,0,0,0,0,0,0,0,1,0,0,0,0,0,1,0,0,1,2,0,0,0,0,0,0,0,0,0,0,0,0,0,0,0,0,1,0,0,0,1,0,0,0,0,0,0,0,0,0,0,0,0,0,0,0,0,0,0,0,0,0,0,0,0,0,0,0,0,0,0,0,1,0,0,0,0,0,0,0,0,0,0,0,0,0,0,0,0,0,0,0,0,0,0,0,0,0,0,0,0,0,0,1,0,0,0,0,0,0,0,0,0,0,0,0,0,0,1,0,0,0,0,0,0,0,0,0,0,0,0,0,0,0,0,0,0,0,0,0,0,0,0,0,0,0,0,0,0,0,0,0,0,1,0,0,0,0,0,0,0,0,0,0,0,0,0,0,0,0,0,0,0,0,0,0,0,0,0,0,0,0,0,0,0,0,0,0,0,0,0,0,0,0,0,0,0,0,0,0,0,0,0,0,0,0,0,0,0,0,0,0,0,0,0,0,0,0,0,0,0,0,0,0,0,0,0,0,0,0,0,0,0,0,0,0,0,0,0,0,0,0,0,0,0,0,0,0,0,0,0,0,0,0,0,0,0,0,0,0,0,0,0,0,0,0,0,0,0,0,0,0,0,0,0,0,0,0,0,0,0,0,0,0,0,0,0,0,0,0,0,0,0,0,0,0,0,0,0,0,0,0,0,0,0,0,0,0,0,0,0,0,0,0,0,0,0,0,0,0,0,0,0,0,0,0,0,0,0,0,0,0,0,0,0,0,0,0,0,0,0,0,0,0,0,0,0,0,0,0,0,0,0,0,0,0,0,0,0,0,0,0,0,0,0,0,0,0,0,0,0,0,0,0,0,0,0,0,0,0,0,0,0,0,0,0,0,0,0,0,0,0,0,0,0,0,0,0,0,0,0,0,0,0,0,0,0,0,0,1,1,1,1,1,1,1,1,1,1,1,1,1,1,1,0,0,0,0,0,0,0,0,0,0,0,0,0,0,0,0,0,0,0,0,0,0,0,0,0,0,0,0,0,0,0,0,0,0,0,0,0,0,0,0,0,0,0,0,0,0,0,0,0,0,0,0,0,0,0,0,0,0,0,0,0,0,0,0,0,0,0,0,0,0,0,0,0,0,0,0,0,0,0,0,0,0,0,0,0,0,0,0,0,0,0,0,0,0,0,0,0,0,0,0,0,0,0,0,0,0,0,0,0,0,0
interview-3.csv,2,2,4,0,2,1,1,0,0,1,0,1,0,2,0,0,1,0,0,1,2,1,2,1,1,1,0,1,0,0,0,0,2,0,1,0,0,0,2,1,4,0,4,0,0,3,0,0,0,0,3,0,1,1,0,1,0,1,0,1,1,0,1,1,0,1,0,0,1,1,1,0,0,0,6,1,2,0,0,0,0,0,1,0,0,0,1,2,0,0,1,1,0,1,0,0,0,0,1,0,0,0,0,0,0,1,0,0,0,0,0,0,0,0,0,0,0,0,0,0,0,0,0,0,0,0,0,1,0,1,0,0,0,0,0,0,0,0,0,0,0,0,1,1,1,1,1,0,0,0,0,0,0,1,0,0,1,0,0,0,0,0,0,0,0,1,0,0,1,0,0,6,0,0,0,0,0,0,0,0,0,0,0,1,0,0,0,1,0,0,0,0,0,0,0,0,0,0,0,0,0,0,0,0,0,0,0,0,0,0,0,1,0,1,0,1,0,0,0,0,1,0,0,0,0,0,0,0,0,0,0,0,0,0,0,0,0,0,0,0,0,0,0,0,0,0,0,0,0,0,0,0,0,0,0,0,2,0,0,0,0,0,0,0,2,0,0,0,0,0,0,1,0,0,0,0,0,0,1,1,0,0,0,0,0,0,0,0,0,0,0,0,0,0,0,1,0,0,0,0,0,0,0,0,0,0,0,0,0,0,0,0,0,0,0,0,0,0,0,0,0,0,0,0,0,0,0,1,0,0,0,0,0,0,0,0,0,0,0,0,0,0,0,0,0,0,0,0,0,0,0,0,0,0,0,0,0,0,0,0,0,0,2,0,0,0,0,0,0,0,0,0,0,0,0,0,0,1,0,0,0,0,0,0,0,0,0,0,0,0,0,0,1,0,0,0,0,0,0,0,0,0,0,0,0,0,0,0,0,0,0,0,0,0,0,0,0,0,1,0,0,0,0,0,0,0,0,0,0,0,0,0,0,0,0,0,0,0,0,0,0,0,0,0,0,0,0,0,0,0,0,0,0,0,0,0,0,0,0,0,0,0,0,1,0,0,0,0,0,0,0,0,0,0,0,0,0,0,0,0,0,0,1,0,0,0,0,0,0,0,0,0,0,0,0,0,0,0,0,0,0,0,0,0,0,0,0,0,0,0,0,0,0,0,0,0,0,0,0,0,0,0,0,0,0,0,0,0,0,0,0,0,0,0,0,0,0,0,0,0,0,0,0,0,0,0,0,0,0,0,0,0,0,0,0,0,0,0,0,0,0,0,0,0,0,0,0,0,0,0,0,0,0,0,0,0,0,0,0,0,0,0,0,0,0,0,0,0,0,0,0,0,0,0,0,0,0,0,0,0,0,0,0,0,0,0,0,0,0,0,0,0,0,0,0,0,0,0,0,0,0,0,0,0,0,0,0,0,0,0,0,0,0,0,0,0,0,0,0,0,0,0,0,0,0,0,0,0,0,0,0,0,0,0,0,0,0,0,0,0,0,0,0,0,0,0,0,0,0,0,0,0,0,0,0,0,0,0,0,0,0,0,0,0,0,0,0,0,0,0,0,0,0,0,0,0,0,0,0,0,0,0,0,0,0,0,0,0,0,0,0,0,0,0,0,0,0,0,0,0,0,0,0,0,0,0,0,0,0,0,0,0,0,0,0,0,0,0,0,0,0,0,0,0,0,0,0,0,0,0,0,0,0,0,0,0,0,0,0,0,0,0,0,0,0,0,0,0,0,0,0,0,0,0,0,0,0,0,0,0,0,0,0,0,0,0,0,0,0,0,0,0,0,0,0,0,0,0,0,0,0,0,0,0,0,0,0,0,0,0,0,0,0,0,0,0,0,0,0,0,0,0,0,0,0,0,0,0,0,0,0,0,0,0,0,0,0,0,0,0,0,0,0,0,0,0,0,0,0,0,0,0,0,0,0,0,0,0,0,0,0,0,0,0,0,0,0,1,1,1,0,0,0,0,0,0,0,0,0,0,0,0,0,0,0,0,0,0,0,0,0,0,0,0,0,0,0,0,0,0,0,0,0,0,0,0,0,0,0,0,0,0,0,0,0,0,0,0,0,0,0,0,0,0,0,0,0,0,0,0,0,0,0,0,0,0,0,0,0,0,0,0,0,0,0,0,0,0,0,0,0,0,0,0,0,0,0,0,0,0,0,0,0,0,0,0,0,0,0,0,0,0,0,0,0,0,0,0
interview-6.csv,20,25,13,20,14,9,5,1,3,8,13,5,15,1,9,5,3,4,3,2,9,3,3,5,1,1,1,8,2,7,0,1,3,6,0,2,4,3,3,1,7,3,5,5,1,1,5,5,0,0,1,4,2,0,4,1,1,4,0,6,0,1,0,1,5,6,1,2,3,0,3,4,2,0,2,2,4,3,5,1,5,2,0,6,6,0,2,0,2,4,6,4,1,1,0,6,0,1,3,2,2,2,1,1,1,1,1,0,1,3,9,1,5,2,1,1,1,3,2,1,1,0,0,0,0,0,5,9,1,8,2,0,0,1,0,1,0,1,1,1,0,1,0,0,2,2,3,0,2,0,0,0,0,3,1,1,1,0,2,0,0,0,0,2,0,0,0,0,2,0,1,0,1,0,6,3,0,1,1,2,0,0,1,0,0,0,0,1,0,0,1,1,0,2,0,0,2,3,1,0,0,0,0,1,0,1,0,2,0,1,0,0,0,2,0,0,2,0,7,0,1,1,0,1,0,1,0,1,0,0,0,0,0,1,3,1,0,1,5,0,0,0,0,0,0,1,0,0,0,0,0,0,0,1,0,2,0,2,0,0,0,3,1,0,0,1,0,0,0,0,1,0,0,2,2,1,0,0,1,2,0,0,0,0,0,0,1,0,0,0,0,1,1,0,3,1,0,1,0,2,0,0,0,0,0,0,2,0,0,0,0,1,0,5,0,0,1,0,0,0,0,0,0,0,0,0,0,1,0,0,0,0,0,0,0,0,0,0,0,0,0,0,1,0,0,0,1,0,2,0,0,0,0,0,0,0,0,1,4,0,0,0,0,1,0,0,0,0,1,0,1,0,0,0,0,0,0,0,1,1,2,0,0,0,0,0,0,0,0,0,0,1,2,0,0,0,1,0,0,0,0,0,0,0,0,0,0,1,0,0,0,0,0,0,0,0,0,0,0,0,0,0,0,0,0,0,0,0,0,0,0,0,0,0,0,1,0,0,2,0,0,0,0,1,0,0,0,0,0,0,0,0,0,0,0,0,0,0,0,1,2,0,1,1,0,0,0,1,0,0,0,0,0,0,0,0,0,0,0,0,0,0,0,0,0,0,0,0,0,0,0,0,0,0,0,0,0,0,0,0,0,0,0,0,0,0,0,0,0,0,0,1,0,0,0,0,0,0,0,0,0,0,0,1,0,0,0,0,0,0,0,0,0,0,0,0,0,0,0,0,0,0,0,0,0,0,0,0,0,0,0,0,0,0,0,0,0,0,0,0,1,0,2,1,1,2,2,1,1,0,0,0,0,0,0,0,0,0,0,0,1,0,0,0,0,0,0,0,0,0,0,0,0,0,0,0,0,0,0,0,0,0,0,0,0,0,0,0,0,0,0,0,0,0,0,0,0,0,0,0,0,0,0,0,0,0,0,0,0,0,0,0,0,0,0,0,0,0,0,0,0,0,0,0,0,0,0,0,0,0,0,0,0,0,0,0,0,0,0,0,0,0,0,0,0,0,0,0,0,0,0,0,0,0,0,0,0,0,0,0,0,0,0,0,0,0,0,0,0,0,0,0,0,0,0,0,0,0,0,0,0,0,0,0,0,0,0,0,0,0,0,0,0,0,0,0,0,0,0,0,0,0,0,0,0,0,0,0,0,0,0,0,0,0,0,0,0,0,0,0,0,0,0,0,0,0,0,0,0,0,0,0,0,0,0,0,0,0,0,0,0,0,0,0,0,0,0,0,0,0,0,0,0,0,0,0,0,0,0,0,0,0,0,0,0,0,0,0,0,0,0,0,0,0,0,0,0,0,0,0,0,0,0,0,0,0,0,0,0,0,0,0,0,0,0,0,0,0,0,0,0,0,0,0,0,0,0,0,0,0,0,0,0,0,0,0,0,0,0,0,0,0,0,0,0,0,0,0,0,0,0,0,0,0,0,0,0,0,0,0,0,0,0,0,0,0,0,0,0,0,1,1,1,1,1,1,1,1,1,1,1,1,1,1,1,1,1,1,1,0,0,0,0,0,0,0,0,0,0,0,0,0,0,0,0,0,0,0,0,0,0,0,0,0,0,0,0,0,0,0,0,0,0,0,0,0,0,0,0,0,0,0,0,0,0,0,0,0,0,0,0,0,0,0,0,0,0,0,0,0,0,0,0,0,0,0,0,0,0,0,0,0,0,0,0,0,0,0,0,0,0,0,0,0,0,0,0,0
interview-7.csv,25,14,17,2,11,0,5,3,5,4,4,1,7,7,5,1,2,1,12,11,4,5,2,6,5,0,4,11,0,2,5,1,7,7,3,0,0,5,8,2,0,0,10,3,1,0,2,2,2,2,4,1,3,0,4,0,0,6,0,1,0,1,4,1,1,3,2,1,0,0,4,1,0,3,3,0,0,0,6,1,3,2,0,2,1,1,0,0,3,0,0,0,0,0,0,0,0,3,1,1,1,0,3,2,0,0,0,0,1,1,2,0,4,3,1,0,3,2,0,0,0,0,0,2,0,0,1,0,0,0,0,0,0,0,0,0,1,1,0,0,0,0,0,0,3,3,3,0,0,0,1,3,0,2,1,1,0,0,3,0,0,1,0,1,0,0,0,1,0,0,0,0,0,0,0,0,2,2,0,0,1,0,0,0,0,3,0,2,0,0,0,2,2,0,0,0,0,0,1,1,1,0,2,0,0,0,1,0,0,0,0,1,1,0,3,1,0,0,0,1,0,0,0,1,0,4,0,0,0,2,1,0,0,0,0,0,0,0,0,0,0,0,0,0,0,0,0,0,0,1,0,0,1,0,1,1,1,0,0,0,3,0,0,0,1,0,1,0,0,0,0,0,3,0,2,0,0,0,1,1,0,0,1,0,0,2,0,0,2,0,1,0,0,1,0,0,0,0,1,0,0,0,0,0,0,0,0,0,1,0,0,0,0,0,0,0,0,0,1,2,0,0,3,3,0,0,0,2,0,0,0,2,1,1,0,0,0,0,0,0,1,0,2,0,0,0,0,0,0,0,0,0,0,0,0,0,0,0,0,3,0,0,0,0,1,0,0,0,0,0,0,0,0,0,0,0,0,1,0,0,1,0,0,0,0,0,0,0,0,1,0,0,0,0,0,0,0,0,0,0,0,0,1,0,0,1,0,0,1,0,0,0,0,0,0,0,0,0,0,0,0,0,1,0,0,0,0,1,0,1,0,0,0,0,0,0,0,0,0,0,0,0,0,0,0,1,0,0,0,0,1,0,0,0,0,1,0,0,0,0,0,0,0,0,0,0,0,0,0,0,0,0,0,0,0,1,0,0,0,0,1,0,0,0,0,0,0,0,0,0,0,0,0,0,0,0,0,0,0,0,0,0,0,0,0,0,0,1,0,0,0,0,0,0,0,0,0,0,0,0,0,0,0,0,0,0,0,0,0,0,0,0,0,0,0,0,0,0,0,0,0,0,0,0,0,0,0,1,0,0,0,0,0,0,0,0,0,0,0,1,0,0,0,0,1,0,0,0,0,1,0,0,0,0,0,0,0,0,0,0,0,0,0,0,0,0,0,0,0,0,0,0,0,0,0,1,0,1,1,0,0,0,1,1,0,0,0,0,0,0,0,0,0,0,0,0,0,0,0,0,0,0,0,0,0,0,0,0,0,0,0,0,0,0,0,0,0,0,0,0,0,0,0,0,0,0,0,0,0,0,0,0,0,0,0,0,0,0,0,0,0,0,0,0,0,0,0,0,0,0,0,0,0,0,0,0,0,0,0,0,0,0,0,0,0,0,0,0,0,0,0,0,0,0,0,0,0,0,0,0,0,0,0,0,0,0,0,0,0,0,0,0,0,0,0,0,0,0,0,0,0,0,0,0,0,0,0,0,0,0,0,0,0,0,0,0,0,0,0,0,0,0,0,0,0,0,0,0,0,0,0,0,0,0,0,0,0,0,0,0,0,0,0,0,0,0,0,0,0,0,0,0,0,0,0,0,0,0,0,0,0,0,0,0,0,0,0,0,0,0,0,0,0,0,0,0,0,0,0,0,0,0,0,0,0,0,0,0,0,0,0,0,0,0,0,0,0,0,0,0,0,0,0,0,0,0,0,0,0,0,0,0,0,0,0,0,0,0,0,0,0,0,0,0,0,0,0,0,0,0,0,0,0,0,0,0,0,0,0,0,0,0,0,0,0,0,0,0,0,0,0,0,0,0,0,0,0,0,0,0,0,0,0,0,0,0,0,0,0,1,1,1,1,1,1,1,1,0,0,0,0,0,0,0,0,0,0,0,0,0,0,0,0,0,0,0,0,0,0,0,0,0,0,0,0,0,0,0,0,0,0,0,0,0,0,0,0,0,0,0,0,0,0,0,0,0,0,0,0,0,0,0,0,0,0,0,0,0,0,0,0,0,0,0,0,0,0,0,0,0,0,0,0,0,0,0,0,0
interview-8.csv,43,30,39,16,10,8,18,8,13,20,6,9,2,6,13,5,3,11,5,6,4,4,5,5,6,12,9,3,0,2,1,2,8,4,1,3,6,3,2,5,4,14,9,6,1,3,2,4,2,5,2,4,2,1,6,3,0,1,8,3,0,1,1,4,1,0,2,1,1,0,5,5,0,3,1,3,0,6,0,2,1,0,6,1,1,1,3,1,1,3,2,2,2,1,0,0,6,2,2,2,2,3,2,0,0,4,0,4,2,2,5,0,2,1,4,2,0,2,0,3,1,1,0,1,5,4,0,0,2,1,4,1,3,1,0,0,4,0,0,1,3,1,1,0,1,0,1,0,0,1,1,1,1,0,4,1,1,0,0,1,8,1,0,0,0,3,3,1,1,4,0,0,1,1,0,1,1,1,1,3,0,2,1,0,0,2,0,2,0,0,1,0,0,0,0,1,0,0,0,0,0,0,1,0,2,0,0,0,0,0,0,2,0,0,0,0,1,3,0,0,1,0,2,1,0,1,1,0,1,1,0,0,1,1,1,0,1,0,0,1,1,2,0,0,1,2,2,0,0,0,0,1,0,0,2,0,0,3,0,1,0,0,0,0,0,0,0,0,0,0,0,0,0,0,0,1,0,0,0,0,0,0,0,0,5,1,0,1,0,0,0,0,0,0,1,1,1,0,2,0,0,1,1,0,0,0,0,0,0,0,0,0,1,0,3,1,1,0,1,1,0,0,0,0,0,0,0,0,0,0,0,1,1,0,0,0,0,0,0,0,0,1,0,0,0,3,0,0,0,1,0,0,0,1,1,0,0,0,0,0,0,0,0,0,1,0,0,0,0,0,0,0,1,0,0,0,0,0,0,0,0,1,2,0,0,0,0,1,1,0,1,0,1,1,0,1,0,0,0,0,0,0,0,0,0,0,0,0,0,1,0,0,0,0,0,0,0,0,0,0,0,0,0,0,0,0,0,0,0,0,0,0,0,0,0,0,0,0,0,0,0,0,0,0,2,0,1,0,0,0,0,0,0,0,1,0,1,0,0,0,0,0,0,1,2,0,0,0,0,0,0,0,0,0,0,0,0,0,0,0,0,1,1,2,1,0,0,0,0,0,0,0,0,0,0,0,0,0,0,0,0,0,0,0,0,0,0,0,0,0,0,0,0,0,0,0,0,0,0,0,0,0,1,0,0,0,0,0,0,0,0,0,0,0,0,0,0,0,0,0,0,0,0,0,0,0,0,0,0,0,0,0,0,0,0,0,0,0,0,0,0,0,0,1,0,0,0,1,0,0,2,2,2,2,2,2,0,0,0,0,0,0,0,0,0,0,0,0,0,0,0,0,0,0,0,0,0,0,0,0,1,1,0,1,1,0,0,0,0,0,0,0,0,0,0,0,0,0,0,0,0,0,0,0,0,0,0,0,0,0,0,0,0,0,0,0,0,0,0,0,0,0,0,0,0,0,0,0,0,0,0,0,0,0,0,0,0,0,0,0,0,0,0,0,0,0,0,0,0,0,0,0,0,0,0,0,0,0,0,0,0,0,0,0,0,0,0,0,0,0,0,0,0,0,0,0,0,0,0,0,0,0,0,0,0,0,0,0,0,0,0,0,0,0,0,0,0,0,0,0,0,0,0,0,0,0,0,0,0,0,0,0,0,0,0,0,0,0,0,0,0,0,0,0,0,0,0,0,0,0,0,0,0,0,0,0,0,0,0,0,0,0,0,0,0,0,0,0,0,0,0,0,0,0,0,0,0,0,0,0,0,0,0,0,0,0,0,0,0,0,0,0,0,0,0,0,0,0,0,0,0,0,0,0,0,0,0,0,0,0,0,0,0,0,0,0,0,0,0,0,0,0,0,0,0,0,0,0,0,0,0,0,0,0,0,0,0,0,0,0,0,0,0,0,0,0,0,0,0,0,0,0,0,0,0,0,0,0,0,0,0,0,0,0,0,0,0,0,0,0,0,0,0,0,0,0,0,0,0,0,0,0,0,0,0,0,0,0,0,0,0,0,0,0,0,0,0,1,1,1,1,1,1,1,1,1,1,1,1,1,1,1,1,1,1,0,0,0,0,0,0,0,0,0,0,0,0,0,0,0,0,0,0,0,0,0,0,0,0,0,0,0,0,0,0,0,0,0,0,0,0,0,0,0,0,0,0,0,0,0,0,0,0,0,0,0,0,0,0,0,0,0,0,0,0,0,0,0
interview-9.csv,34,39,48,28,5,23,8,11,14,5,19,12,0,9,11,3,10,17,9,0,4,5,7,7,5,7,2,0,1,7,7,13,6,4,5,7,4,4,6,3,2,7,0,0,2,2,2,3,2,3,1,4,0,7,4,0,0,1,3,4,0,7,1,3,6,2,1,4,3,0,3,4,1,4,3,3,5,3,0,5,1,3,6,0,2,2,4,3,2,0,4,2,6,0,0,5,6,4,5,2,1,3,4,1,3,1,3,9,3,2,0,4,2,5,2,2,0,5,2,1,1,1,1,1,3,3,2,2,1,0,1,1,0,1,1,2,0,0,1,2,1,3,2,1,2,0,2,2,9,0,0,1,1,0,1,1,0,1,1,0,0,0,2,3,2,0,1,1,0,0,0,0,2,0,0,1,0,1,2,0,3,2,0,0,2,1,1,0,5,0,3,0,0,2,3,0,0,0,1,2,1,0,0,5,1,0,0,0,1,0,0,1,0,0,0,0,0,2,0,0,1,0,2,0,0,0,1,1,1,0,0,2,3,0,0,0,3,0,0,0,0,1,3,0,1,0,1,2,1,1,0,2,0,2,0,0,0,1,0,0,1,0,1,0,0,1,0,0,0,0,0,1,0,0,0,0,3,1,0,0,0,0,1,0,1,0,1,1,0,0,0,0,1,0,0,0,1,0,0,0,0,0,0,0,1,0,0,1,0,0,0,0,0,0,0,0,0,0,0,0,0,0,0,0,0,0,0,0,0,0,0,0,0,0,0,1,0,0,0,0,0,0,0,1,0,0,0,0,0,0,0,0,1,0,0,0,0,0,0,0,1,0,0,0,0,0,0,0,0,0,0,1,0,2,2,0,1,0,0,0,0,0,1,0,0,0,2,0,0,0,0,1,0,0,0,1,0,0,1,0,1,0,1,4,1,0,0,0,0,0,0,0,0,0,0,0,0,0,0,0,0,0,0,0,0,0,0,0,0,0,1,0,0,0,0,0,0,2,0,0,0,0,0,0,0,0,1,1,0,0,0,0,0,1,0,0,0,1,0,0,0,0,0,0,1,0,0,0,0,1,0,0,0,0,0,0,0,0,0,0,0,0,0,0,1,0,0,0,0,0,0,0,0,0,0,0,0,0,0,0,0,0,0,0,0,0,0,0,0,0,0,0,0,0,0,0,0,1,1,0,1,0,0,0,0,0,0,0,0,0,0,0,0,0,0,0,0,0,0,0,0,1,0,0,0,0,0,0,1,1,0,0,0,0,0,0,0,0,0,0,0,1,0,0,0,0,0,0,0,0,0,0,0,0,0,0,2,1,0,0,0,0,0,0,0,0,1,0,0,0,0,0,0,0,0,0,0,0,0,1,0,0,0,0,0,0,0,0,0,0,0,0,0,0,0,0,0,0,0,0,0,0,0,0,0,0,0,0,0,0,0,0,0,0,0,0,0,0,0,0,0,0,0,0,0,0,0,0,0,0,0,0,0,0,0,0,0,0,0,0,0,0,0,0,0,0,0,0,0,0,0,0,0,0,0,0,0,0,0,0,0,0,0,0,0,0,0,0,0,0,0,0,0,0,0,0,0,0,0,0,0,0,0,0,0,0,0,0,0,0,0,0,0,0,0,0,0,0,0,0,0,0,0,0,0,0,0,0,0,0,0,0,0,0,0,0,0,0,0,0,0,0,0,0,0,0,0,0,0,0,0,0,0,0,0,0,0,0,0,0,0,0,0,0,0,0,0,0,0,0,0,0,0,0,0,0,0,0,0,0,0,0,0,0,0,0,0,0,0,0,0,0,0,0,0,0,0,0,0,0,0,0,0,0,0,0,0,0,0,0,0,0,0,0,0,0,0,0,0,0,0,0,0,0,0,0,0,0,0,0,0,0,0,0,0,0,0,0,0,0,0,0,0,0,0,0,0,0,0,0,0,0,0,0,0,0,0,0,0,0,0,0,0,0,0,0,0,0,0,0,0,0,0,0,0,0,0,0,0,0,0,0,0,0,0,0,0,0,0,0,0,0,0,0,0,0,0,0,0,0,0,0,0,0,0,0,0,0,0,0,0,0,0,0,0,1,1,1,1,1,1,1,1,1,1,1,1,1,1,1,1,1,1,0,0,0,0,0,0,0,0,0,0,0,0,0,0,0,0,0,0,0,0,0,0,0,0,0,0,0,0,0,0,0,0,0,0,0,0,0,0,0,0,0,0,0,0,0
interview4.csv,56,34,30,37,7,40,7,7,10,13,20,10,0,2,11,8,2,9,7,1,10,7,1,5,11,17,3,0,3,4,3,6,3,10,9,6,7,3,1,3,5,11,5,4,5,4,8,4,6,1,3,8,6,6,2,6,5,2,8,7,0,1,3,4,1,1,0,2,14,0,8,5,5,3,2,2,3,9,0,2,4,4,1,1,3,0,4,6,3,3,2,4,0,0,1,3,0,3,3,2,11,4,1,0,4,5,4,0,2,1,2,0,2,0,0,5,1,0,2,1,0,0,0,3,1,2,1,2,3,0,2,1,3,1,2,4,1,0,2,2,0,1,0,0,1,0,1,1,1,2,0,3,2,0,1,1,2,0,1,3,0,1,1,0,0,5,2,0,0,1,1,0,0,0,0,1,1,0,0,1,1,1,0,1,1,2,0,0,0,0,2,0,0,3,1,0,0,0,0,1,0,1,0,2,2,0,0,1,0,0,2,0,0,0,1,0,2,1,0,2,0,0,0,2,1,0,0,0,0,0,0,0,0,0,0,0,1,0,0,0,1,0,0,1,2,1,0,0,0,0,0,0,0,1,0,0,0,0,1,3,0,0,2,0,0,0,0,0,0,0,1,2,0,0,0,0,0,0,0,0,1,0,0,0,0,0,1,0,0,2,1,1,1,0,0,0,0,0,0,0,0,2,2,0,0,0,1,0,0,0,0,0,0,0,0,0,1,0,1,1,0,0,2,0,0,0,0,0,0,0,0,0,0,1,0,0,0,0,0,0,1,0,0,0,0,1,1,0,0,0,0,0,2,0,0,1,0,0,0,0,0,0,0,0,0,0,0,0,0,0,0,0,0,0,0,1,0,0,0,0,0,0,0,0,0,1,1,0,2,0,0,1,0,2,4,0,0,0,0,1,0,0,1,0,1,0,0,0,0,1,0,0,0,0,0,0,0,0,0,0,0,0,0,0,0,0,0,0,0,0,0,0,0,0,1,0,0,0,0,0,0,0,0,0,0,0,0,0,0,0,1,0,0,0,0,1,0,1,0,0,0,0,0,0,0,0,0,0,0,0,0,0,0,0,1,0,0,1,0,0,0,0,0,0,0,0,0,0,0,0,0,0,0,0,0,0,0,0,1,0,0,0,0,0,0,0,1,0,0,0,1,0,1,0,0,0,0,0,0,0,0,0,0,0,0,0,0,0,0,0,0,0,0,0,0,0,0,0,0,0,0,0,0,0,0,0,0,0,0,0,0,0,0,0,0,0,0,0,0,0,0,0,0,0,0,0,0,0,0,1,0,0,0,0,0,0,0,1,1,0,0,0,0,0,0,0,0,0,0,0,1,0,0,0,0,0,0,0,0,0,0,0,0,0,0,0,0,0,0,0,0,0,0,0,0,0,0,0,0,0,0,0,0,0,0,0,0,0,0,0,0,0,0,0,0,0,0,0,0,0,0,0,0,0,0,0,0,0,0,0,0,0,0,0,0,0,0,0,0,0,0,0,0,0,0,0,0,0,0,0,0,0,0,0,0,0,0,0,0,0,0,0,0,0,0,0,0,0,0,0,0,0,0,0,0,0,0,0,0,0,0,0,0,0,0,0,0,0,0,0,0,0,0,0,0,0,0,0,0,0,0,0,0,0,0,0,0,0,0,0,0,0,0,0,0,0,0,0,0,0,0,0,0,0,0,0,0,0,0,0,0,0,0,0,0,0,0,0,0,0,0,0,0,0,0,0,0,0,0,0,0,0,0,0,0,0,0,0,0,0,0,0,0,0,0,0,0,0,0,0,0,0,0,0,0,0,0,0,0,0,0,0,0,0,0,0,0,0,0,0,0,0,0,0,0,0,0,0,0,0,0,0,0,0,0,0,0,0,0,0,0,0,0,0,0,0,0,0,0,0,0,0,0,0,0,0,0,0,0,0,0,0,0,0,0,0,0,0,0,0,0,0,0,0,0,0,0,0,0,0,0,0,0,0,0,0,0,0,0,0,0,0,0,0,0,0,0,0,0,0,0,0,0,0,0,0,0,0,0,0,0,0,0,0,0,0,0,0,0,0,0,0,0,0,0,0,0,0,0,0,0,0,0,0,0,0,0,0,0,0,0,0,0,1,1,1,1,1,1,1,1,1,1,1,1,1,1,1,1,1,1,1,1,1,1,1,1,1,1,1,1,0,0,0,0,0,0,0,0,0,0,0,0,0,0,0,0,0
interview5.csv,3,7,4,0,5,3,5,0,3,0,4,7,26,0,1,0,0,1,6,0,4,0,0,6,0,0,0,8,0,2,0,1,2,1,5,1,1,2,0,1,0,0,5,0,1,0,2,2,2,1,0,0,6,0,1,1,0,3,0,2,8,0,1,2,0,1,0,0,1,8,1,0,0,0,0,3,0,0,0,0,0,1,1,0,1,1,1,0,0,1,1,0,0,0,0,0,0,1,1,0,1,0,0,0,0,0,0,0,1,0,1,0,0,0,0,0,0,0,0,0,0,3,0,0,0,3,0,0,0,4,1,0,0,0,0,0,0,1,0,0,3,0,0,1,0,1,1,0,1,1,0,1,0,0,0,0,1,0,0,0,4,0,0,0,0,0,1,0,1,3,2,0,0,0,1,0,0,1,0,0,1,0,1,0,0,0,0,1,0,0,1,0,4,0,0,0,1,0,0,0,0,0,2,0,0,0,0,1,0,1,1,1,1,1,0,0,0,0,1,0,1,0,0,0,0,0,0,0,0,1,0,0,1,1,3,0,0,1,0,0,0,0,0,0,0,0,0,0,0,0,0,0,1,0,0,0,1,0,1,0,1,0,0,1,0,0,0,0,0,0,2,0,0,0,0,0,0,0,0,0,0,0,0,0,0,0,0,0,1,0,1,0,0,0,0,0,0,0,0,0,0,0,0,0,0,0,0,0,1,1,0,0,0,0,1,0,0,0,0,0,0,0,0,0,0,0,1,0,1,0,0,0,0,0,0,1,0,0,0,0,0,0,0,0,0,0,1,0,0,0,0,0,0,1,0,0,0,0,1,0,0,0,0,0,0,0,1,0,0,1,0,0,0,0,0,0,0,0,0,0,0,0,0,0,0,0,0,0,0,0,0,0,0,1,0,0,0,0,0,0,0,0,0,0,0,0,0,0,0,0,0,0,0,0,0,0,0,0,0,0,0,0,0,1,1,0,0,0,0,0,0,0,0,0,0,0,0,0,0,0,0,0,0,0,0,0,0,1,0,0,0,0,0,0,0,0,0,0,0,1,0,0,0,0,0,0,0,0,0,0,0,0,0,0,0,0,1,0,0,0,0,0,0,0,0,0,0,0,0,0,0,0,0,0,0,0,0,0,0,0,1,0,0,0,0,0,0,0,0,0,0,0,0,0,0,0,0,0,0,0,0,0,0,0,0,0,0,0,0,0,0,0,1,0,0,0,0,0,0,0,0,0,0,0,0,0,0,0,0,0,0,0,0,0,0,0,1,0,0,0,0,0,0,0,0,0,0,0,0,0,0,0,0,0,0,0,0,0,0,0,0,0,0,0,0,0,0,0,1,0,0,0,0,0,0,0,0,0,0,0,0,0,0,0,0,0,0,0,0,0,0,0,0,0,0,0,0,0,0,0,0,0,0,0,0,0,0,0,0,0,0,0,0,0,0,0,0,0,0,0,0,0,0,0,0,0,0,0,0,0,0,0,0,0,0,0,0,0,0,0,0,0,0,0,0,0,0,0,0,0,0,0,0,0,0,0,0,0,0,0,0,0,0,0,0,0,0,0,0,0,0,0,0,0,0,0,0,0,0,0,0,0,0,0,0,0,0,0,0,0,0,0,0,0,0,0,0,0,0,0,0,0,0,0,0,0,0,0,0,0,0,0,0,0,0,0,0,0,0,0,0,0,0,0,0,0,0,0,0,0,0,0,0,0,0,0,0,0,0,0,0,0,0,0,0,0,0,0,0,0,0,0,0,0,0,0,0,0,0,0,0,0,0,0,0,0,0,0,0,0,0,0,0,0,0,0,0,0,0,0,0,0,0,0,0,0,0,0,0,0,0,0,0,0,0,0,0,0,0,0,0,0,0,0,0,0,0,0,0,0,0,0,0,0,0,0,0,0,0,0,0,0,0,0,0,0,0,0,0,0,0,0,0,0,0,0,0,0,0,0,0,0,0,0,0,0,0,0,0,0,0,0,0,0,0,0,0,0,0,0,0,0,0,0,0,0,0,0,0,0,0,0,0,0,0,0,0,0,0,0,0,0,0,0,0,0,0,0,0,0,0,0,0,0,0,0,0,0,0,0,0,0,0,0,0,0,0,0,0,0,0,0,0,0,0,0,0,0,0,0,0,0,0,0,0,0,0,0,0,0,0,0,0,0,0,0,0,0,0,0,0,1,1,1,0,0,0,0,0,0,0,0,0,0,0,0,0,0
inteview-16.csv,25,15,22,8,5,3,3,11,6,8,3,4,0,5,4,8,1,2,3,0,3,6,11,4,1,4,1,0,9,2,1,5,6,2,3,3,5,4,2,3,5,1,1,6,2,0,1,1,1,4,7,1,2,2,2,1,0,1,2,1,0,6,1,0,1,0,2,1,1,0,0,1,3,1,4,1,2,1,1,2,2,1,5,2,2,2,1,3,2,3,2,0,4,1,2,0,2,1,0,1,2,0,1,0,2,1,1,2,1,1,1,0,0,0,2,1,2,0,0,1,2,2,0,2,3,1,1,0,1,0,2,1,1,0,1,0,1,0,0,3,1,0,2,1,0,1,0,1,0,1,1,0,0,0,1,0,0,0,0,0,0,0,1,1,1,1,0,0,2,0,0,0,1,1,1,0,1,0,2,1,2,1,0,0,0,1,1,1,3,0,0,0,0,0,0,3,0,0,0,1,1,0,1,0,0,0,0,1,0,0,0,0,0,0,0,0,0,0,0,1,0,0,0,0,1,0,1,0,0,1,0,1,0,0,0,1,0,0,1,1,0,1,0,0,0,1,0,0,0,2,2,0,0,0,0,0,0,0,0,1,0,2,2,0,0,0,0,1,0,0,0,0,0,0,0,1,0,1,0,0,3,0,0,0,0,0,0,0,0,0,0,1,0,0,0,1,0,0,0,0,0,0,0,0,0,2,0,0,0,0,0,0,0,0,0,1,0,0,0,0,1,0,0,0,0,0,0,0,0,0,0,0,0,0,0,0,0,0,0,0,1,1,0,0,0,0,0,0,3,0,0,0,0,1,0,0,0,0,0,1,0,0,0,0,0,0,0,0,0,0,0,2,1,0,0,0,0,0,0,0,0,0,0,0,0,0,0,0,0,1,0,0,0,0,0,0,0,0,0,0,0,0,0,0,0,0,0,0,0,0,0,0,0,0,0,0,0,0,0,0,0,0,0,0,0,0,0,0,0,0,0,0,0,0,0,0,0,0,0,2,1,0,0,0,0,0,0,0,0,0,0,0,0,0,0,0,0,0,0,0,0,2,0,0,0,0,0,0,0,0,0,0,0,0,0,0,0,1,0,0,1,0,0,0,0,0,0,0,0,0,0,0,0,0,0,0,0,0,0,0,0,0,0,0,0,0,0,0,0,0,0,0,0,0,0,0,0,0,0,0,0,0,0,0,0,0,0,0,0,0,0,0,0,0,0,0,0,0,0,0,0,0,0,1,0,1,0,0,0,0,0,1,0,0,0,0,0,0,0,0,0,0,0,0,0,0,0,0,1,0,0,0,0,0,0,0,0,0,1,2,0,0,0,1,0,0,0,0,0,0,0,0,0,0,0,0,0,0,0,0,0,0,0,0,1,0,0,0,0,0,0,0,0,0,0,0,0,0,0,0,0,0,0,0,0,0,0,0,0,0,0,0,0,0,0,0,0,0,0,0,0,0,0,0,0,0,0,0,0,0,0,0,0,0,0,0,0,0,0,0,0,0,0,0,0,0,0,0,0,0,0,0,0,0,0,0,0,0,0,0,0,0,0,0,0,0,0,0,0,0,0,0,0,0,0,0,0,0,0,0,0,0,0,0,0,0,0,0,0,0,0,0,0,0,0,0,0,0,0,0,0,0,0,0,0,0,0,0,0,0,0,0,0,0,0,0,0,0,0,0,0,0,0,0,0,0,0,0,0,0,0,0,0,0,0,0,0,0,0,0,0,0,0,0,0,0,0,0,0,0,0,0,0,0,0,0,0,0,0,0,0,0,0,0,0,0,0,0,0,0,0,0,0,0,0,0,0,0,0,0,0,0,0,0,0,0,0,0,0,0,0,0,0,0,0,0,0,0,0,0,0,0,0,0,0,0,0,0,0,0,0,0,0,0,0,0,0,0,0,0,0,0,0,0,0,0,0,0,0,0,0,0,0,0,0,0,0,0,0,0,0,0,0,0,0,0,0,0,0,0,0,0,0,0,0,0,0,0,0,0,0,0,0,0,0,0,0,0,0,0,0,0,0,0,0,0,0,0,0,0,0,0,0,0,0,0,0,0,0,0,0,0,0,0,0,0,0,0,0,0,0,0,0,0,0,0,0,0,0,0,0,0,0,0,0,0,0,0,0,0,0,0,0,0,0,0,0,0,0,0,0,0,0,0,0,0,0,0,0,0,0,0,0,0,1,1,1,1,1,1,1,1,1,1,1,1,1,1
total,709,515,467,265,261,212,196,175,165,141,138,137,135,127,126,126,121,118,118,117,112,111,110,99,98,97,96,94,93,92,91,84,83,83,82,81,77,75,72,70,70,70,70,68,67,67,66,65,65,65,63,63,61,60,59,56,55,54,54,52,51,51,51,51,51,51,50,50,50,49,48,48,46,46,44,43,43,42,42,42,41,41,40,40,40,39,39,39,39,37,37,37,36,35,35,35,35,34,33,33,33,33,32,32,32,32,31,31,31,31,30,30,30,30,29,29,29,29,29,29,28,28,28,28,28,27,27,26,26,25,25,25,24,24,23,22,22,22,21,21,21,21,20,20,20,20,20,19,19,19,18,18,18,18,18,17,17,17,17,17,17,17,17,17,16,16,16,15,15,15,15,15,15,15,15,15,15,15,15,15,14,14,14,14,14,14,14,14,14,14,13,13,13,13,13,13,13,12,12,11,11,11,11,11,11,11,11,11,10,10,10,10,10,10,10,10,10,10,10,10,10,10,10,10,10,9,9,9,9,9,9,9,9,9,9,9,9,9,9,9,9,9,9,9,9,8,8,8,8,8,8,8,8,8,8,8,8,8,8,8,8,8,8,8,8,8,8,8,8,7,7,7,7,7,7,7,7,7,7,7,7,7,7,7,7,7,7,7,7,7,7,7,7,7,7,7,6,6,6,6,6,6,6,6,6,6,6,6,6,6,6,6,6,6,6,6,6,6,6,6,6,6,6,6,6,6,6,6,5,5,5,5,5,5,5,5,5,5,5,5,5,5,5,5,5,5,5,5,5,5,5,5,5,5,5,5,5,5,5,5,5,4,4,4,4,4,4,4,4,4,4,4,4,4,4,4,4,4,4,4,4,4,4,4,4,4,4,4,4,4,4,4,4,4,4,4,4,4,4,4,4,4,4,4,4,4,4,4,4,4,3,3,3,3,3,3,3,3,3,3,3,3,3,3,3,3,3,3,3,3,3,3,3,3,3,3,3,3,3,3,3,3,3,3,3,3,3,3,3,3,3,3,3,3,3,3,3,3,3,3,3,3,3,3,3,3,3,3,3,3,3,3,3,3,3,3,3,3,3,3,3,3,3,3,3,3,2,2,2,2,2,2,2,2,2,2,2,2,2,2,2,2,2,2,2,2,2,2,2,2,2,2,2,2,2,2,2,2,2,2,2,2,2,2,2,2,2,2,2,2,2,2,2,2,2,2,2,2,2,2,2,2,2,2,2,2,2,2,2,2,2,2,2,2,2,2,2,2,2,2,2,2,2,2,2,2,2,2,2,2,2,2,2,2,2,2,2,2,2,2,2,2,2,2,2,2,2,2,2,2,2,2,2,2,2,2,2,2,2,2,2,2,2,2,2,1,1,1,1,1,1,1,1,1,1,1,1,1,1,1,1,1,1,1,1,1,1,1,1,1,1,1,1,1,1,1,1,1,1,1,1,1,1,1,1,1,1,1,1,1,1,1,1,1,1,1,1,1,1,1,1,1,1,1,1,1,1,1,1,1,1,1,1,1,1,1,1,1,1,1,1,1,1,1,1,1,1,1,1,1,1,1,1,1,1,1,1,1,1,1,1,1,1,1,1,1,1,1,1,1,1,1,1,1,1,1,1,1,1,1,1,1,1,1,1,1,1,1,1,1,1,1,1,1,1,1,1,1,1,1,1,1,1,1,1,1,1,1,1,1,1,1,1,1,1,1,1,1,1,1,1,1,1,1,1,1,1,1,1,1,1,1,1,1,1,1,1,1,1,1,1,1,1,1,1,1,1,1,1,1,1,1,1,1,1,1,1,1,1,1,1,1,1,1,1,1,1,1,1,1,1,1,1,1,1,1,1,1,1,1,1,1,1,1,1,1,1,1,1,1,1,1,1,1,1,1,1,1,1,1,1,1,1,1,1,1,1,1,1,1,1,1,1,1,1,1,1,1,1,1,1,1,1,1,1,1,1,1,1,1,1,1,1,1,1,1,1,1,1,1,1,1,1,1,1,1,1,1,1,1,1,1,1,1,1,1,1,1,1,1,1,1,1,1,1,1,1,1,1,1,1,1,1,1,1,1,1,1,1,1,1,1,1,1,1,1,1,1,1,1,1,1,1,1,1,1,1,1,1,1,1,1,1,1,1,1,1,1,1,1,1,1,1,1,1,1,1,1,1,1,1,1,1,1,1,1,1,1,1,1,1,1,1,1,1,1,1,1
actual words,",/",to/,the/,i/,of/,that/,a/,when/,in/,was/,n't/,cautious/,:/,more/,and/,at/,relief/,because/,alertness/alert/,stressed/stress/stressful/,being/be/,getting/get/gets/,nervous/,frustration/frustrating/frustrated/,little/,it/,bit/,level/levels/,confusion/confusing/confused/,dogs/dog/,fearful/fear/,back/,game/,this/,hopeful/Hopeful/hopefulness/hoped/hope/,going/go/,but/,out/,what/,with/,still/,me/,anxious/,not/,shots/shot/,surprised/surprise/surprising/,would/,did/,see/seeing/sees/,starting/started/starts/start/,curious/,jump/jumping/jumped/,satisfied/satisfying/,increase/increased/increasing/,for/,anxiety/,threatening/threatened/,about/,they/,try/trying/tries/tried/,''/,truck/,how/,neutral/,do/doing/,have/having/,than/,on/,worked/working/work/works/,``/,timing/time/times/,lights/light/,over/,happening/happens/happen/happened/,RELIEVED/relieved/,chasing/chase/chased/,moves/moving/moved/move/,so/,?/,cars/car/,from/,again/,-/,characters/character/,died/dying/dies/die/,before/,if/,resignation/resigned/,accomplished/accomplishment/,thoughts/thought/,waiting/waited/wait/,feel/feeling/feels/,up/,curiosity/,dread/,scared/,here/,figure/figured/figuring/figuratively/,is/,can/,could/,make/makes/making/,'s/,water/,(/,shocking/shock/shocked/,)/,guys/guy/,hide/hiding/,coming/comes/come/,felt/,flashlights/flashlight/,knowing/know/,sound/sounds/,there/,something/,past/,will/,caught/,determination/determined/,less/,satisfaction/,high/,got/,realized/realizing/realization/,he/,running/RUN/run/,really/,scene/scenes/,;/,as/,caution/,spike/,away/,mild/,fridge/,no/,control/controls/,just/,made/,knew/,came/,oh/,slight/,like/likes/,point/points/,passed/pass/,background/,ca/,using/used/use/,were/,had/,nothing/,--/,expected/expectant/expectations/expect/expecting/,first/,far/,view/,after/,second/seconds/,solution/solutions/,strategy/strategies/,continuous/continue/continued/,tripped/trip/tripping/,might/,annoyance/annoyed/,way/ways/,into/,next/,saw/,new/,slightly/,behind/,lot/lots/,planned/plan/,grab/grabbed/,interactive/interactions/interact/interacting/,find/finding/,hopelessness/hopeless/,wanted/want/,people/,are/,moment/,by/,kept/,deaths/death/,open/opens/opened/opening/,thinking/think/,leaving/leave/leaves/,landing/landed/land/,very/,&/,medium/,now/,noise/noises/,log/logs/,escaping/escape/escaped/,disappointment/disappointed/,drowned/drown/drowns/drowning/,much/,door/,crate/,while/,'m/,or/,hitting/hit/,cues/cue/,breathe/breathing/breath/,nervousness/,low/,pretty/,another/,checkpoint/,most/,strategizing/,worried/,part/,same/,afraid/,through/,begins/beginning/,personal/person/personally/,place/places/,different/differently/,barked/barking/bark/barks/,during/,down/,rock/,went/,cornfield/,higher/,keep/,heard/,underwater/,safe/,other/others/,tested/testing/,sense/sensed/,fight/fighting/,pigs/pig/,close/closed/,catches/catching/catch/,show/shows/showed/,anticipated/anticipating/anticipation/,stay/stayed/staying/,my/,sure/,seen/,around/,end/,wall/,okay/,music/,too/,peak/,why/,unsure/,became/,some/,also/,watching/,able/,hint/,threats/threat/,becomes/becoming/,resolve/resolved/,falling/fall/,following/followed/follow/,looking/looked/,uncertainty/,state/,right/,gotten/,wondering/,highest/,faster/,front/,attention/,gameplay/,should/,left/,surface/,forward/,road/,scary/,puzzle/puzzled/,turned/turn/,boring/bored/,concerned/concern/,missed/miss/,survive/survived/,happiness/happy/,noticed/notice/,gunshot/gunshots/,stopping/stop/stopped/,exciting/excited/excitement/,cautiousness/,an/,last/,off/,closer/,'re/,steady/,alt/,man/,throughout/,'ll/,wo/,environment/,been/,focused/,even/,anything/,I/,problem/,yet/,fast/,'d/,taking/take/,kill/killed/,headlight/headlights/,heightens/heightened/,aware/awareness/,hear/hearing/,irritating/irritated/irritation/,triggered/triggering/trigger/,change/changed/changes/,challengers/challenges/challenge/challenger/,sequence/,all/,movement/,definitely/,one/,./,key/,has/,ahead/,maybe/,whether/,kid/,objects/,distance/,she/,choked/,glad/,took/,between/,you/,sad/,beat/beating/,tool/tools/,disgust/disgusted/,shoot/shooting/,need/needed/,rise/rising/,sides/side/,restarts/restart/restarting/,confidence/confident/,enemies/enemy/,obstacles/obstacle/,pressing/pressed/press/,shit/,discovery/,hidden/,unexpected/,root/,tactic/,though/,where/,sheet/,small/,underlying/,calm/,else/,box/,does/,cliff/,somewhat/,self/,enough/,growing/,hesitation/,myself/,screen/,gone/,someone/,edge/,bad/,only/,inside/,split/,both/,each/,long/,avoid/,actions/action/,amount/amounts/,splash/splashed/,crouch/crouches/,toward/towards/,puddle/puddles/,curiousity/curiousness/,outrun/outrunning/,clueless/cluelessness/,push/pushed/pushing/,play/playing/,breaking/break/breaks/,successful/successfully/,reached/reach/reaching/,face/facing/faced/,wrong/,sudden/,lack/,helplessness/,puzzle-solving/,extra/,instead/,space/,big/,until/,mildly/,recent/,multiple/,experimenting/,cheat/,team/,viewer/,pressure/,gate/,mostly/,hand/,huge/,am/,fairly/,well/,exploring/,ran/,section/,two/,frustation/,block/,camper/,air/,potential/,trouble/,foreshadowing/,seems/,stuck/,panicky/,grossed/,farther/,fearful/threatened/,pleasantly/,quickly/,stess/,them/,whole/,range/,since/,somewhere/,slow/,apprehensive/,'/,harder/,child/,validated/validation/,mix/mixed/,directions/direction/,swim/swimming/,check/checking/,visibility/visible/,branch/branches/,lessened/lessening/,reduced/reduces/,outcome/outcomes/,understanding/understand/,shifting/shift/,contined/continous/,asking/asked/,loud/loudness/,walking/walk/,remembered/remember/,careful/care/,similar/similarities/,distract/distracted/,drives/driving/drive/,upon/,vulnerability/,b/c/,especially/,eugh/,powerlessness/,pop/,startled/,heavy/,item/,sliding/,alarming/,already/,graphic/,any/,slowly/,futility/,apathy/,participant/,unpleasant/,fence/,later/,pop-up/,speed/,river/,damn/,things/,ground/,aw/,rapid/,super/,2/,then/,quite/,slid/,rather/,early/,alternative/,cave/,tiny/,immediately/,active/,automatically/,stakes/,almost/,inevitability/,observing/,tense/,kind/,cautious/alert/,head/,completely/,lower/,dead/,capabilities/,draw/,moderate/,paying/,posture/,constant/,climb/,several/,supposed/,button/,immense/,given/,indifferent/,gradual/,childish/,otherwise/,hold/,embarrassment/,lesser/,incoming/,help/,'ve/,heavily/,him/,her/,!/,good/,compared/,depressed/,further/,limbo/,appeared/,tired/,evaluate/,barrier/,angry/,nooo/,everything/,anymore/,half/,options/option/,covering/cover/,routes/route/,emotional/emotions/,removed/remove/,attracting/attract/,means/mean/,forget/forgetting/,encountered/encountering/,events/event/,fail/failing/,commit/commitment/,approaching/approach/,drops/dropped/,gasped/gasping/,opponent/opponents/,screwed/screw/,clueing/clue/,equally/equal/,lose/losing/,initial/initially/,suprising/suprised/,spot/spotted/,solve/solved/,guns/gun/,adventure/,masks/,vulerability/,double-checking/,consequences/,sits/,restricted/slow/,bushes/,=/,redo/,done/,insecurity/,vs/,fight-or-flight/,response/,replaced/,frame/,mind/,god/,helpnessness/,incompetence/,peace/,limits/,leaning/,mechanics/,taken/,aback/,tutorial/,+/,drove/,standing/,fun/,problem-solving/,aspect/,ppl/,platform/,present/,moreso/,upcoming/,fear/dread/,unexpectedly/,apathetic/,4th/,attachment/,intellectual/,possibility/,prospect/,autopilot/,deep/,digging/,debris/,freaks/,wary/,negative/,shee/,scariest/,sensor/,loaded/,o/,paused/,without/,marker/,straightened/,terrifying/,negotiate/,worst/,storm/,learning/,stronger/,danger/,aha/,set/,properly/,medium-high/,earlier/,defeated/,above/,cautioun/,total/,bird/,sort/,greater/,trick/,doubtful/,curious/nervous/,upset/,stones/,searching/,maintaining/,engagement/,preoccupied/,period/,resurfacing/,contemplation/,grasping/,straws/,flight/,brief/,top/,blck/,crush/,crashed/,minute/,quicker/,quietens/,fine/,important/,building/,respawn/,curosity/,barbed/,wire/,foreground/,ducks/,putting/,piece/,anyway/,ominous/,foreboding/,phew/,onwards/,out/breathing/,quickens/,overhanging/,form/,dissipates/,scouting/,rock/tool/,intensifies/,sound/chase/,gore/,clevel/,puzzley/,grim/,smaller/,resolution/,audio/,trapped/,disgust/dread/,intensity/,flash/,panic/,surroundings/,cool/,correct/,gulping/,sensation/,tranquil/,effects/,tension/,wet/,gritty/,pity/,respect/,relating/,physical/,additional/,instruction/,talk/,pulled/,men/,stood/,rolling/,louder/,fully/,meant/,clear/,fearful/cautious/,accidentally/,clicked/,scared/threatened/,behaved/,barely/,proud/,altogether/,chaser/,alert/cautious/,blood/,entire/,triumph/,jaws/,laying/,bubbles/,fog/,bottom/,hill/,kick/,appreciation/,art/,froze/,esle/,literally/,smrt/,SO/,satisfation/,step/,fleeting/,passage/,brought/,threw/,suffocation/,proceed/,*sighed*/,patient/,halfway/,loss/,unaware/,longer/,*facial/,expression/,damnit/,hehehehhee/,30/,goal/,twig/,non-threatening/,familiar/,elements/,caravan/,accident/,leftover/,depth/,baseline/,life/,area/,poeple/,relieg/,tombstones/,health/,woah/,sad/disappointed/,motion/,opn/,scenery/,morbid/,focus/,omg/,short-lived/,worse/,pensive/,call/,3/,loudest/,stealth/,fly/,remainder/,poor/,entertained/,switched/,cant/,anxiety/stress/,visuals/,alongside/,anxiety-inducing/,assumed/,split-second/,slighly/,'am/,met/,woods/,understood/,relaxed/,fascinated/,hell/,thus/,'sit/,stuff/,stage/,function/,mid/,hated/,undetected/,attempt/,urgency/,experimenters/,positive/,lucky/,instinct/,finally/,cautiosu/,better/,easily/,time-pressure/,rain/,purpose/,returning/,retrying/,flaslights/,forest/,lake/,pigs/what/,awaiting/,previous/,nerviousness/,heart/,e/,attack/,efficient/,simple/,listening/,queues/,warm/,cruel/,twisted/,neck/,reviewed/,memory/,known/,factor/,account/,quiet/,gon/,na/,kinda/,quietly/,revive/,full/,shone/,pick/,forth/,boredom/,chin/,undecided/,decision/,tearing/,meat/,rememberd/,achievement/,context/,friends/,register/,lije/,shined/,fell/,mangled/,every/,wasted/,extremely/,ther/,coudl/,correctly/,sometimes/,third/,progress/,stready/,player/,must/,many/,beng/,breather/,satisifed/,100/,%/,satisied/,once/,hang/,decreasing/,aka/,coud/,gamplay/,becamenervous/,caution/nervousness/,surprise/annoyed/,nervous/anxious/,empathized/,uh-oh/,yes/,frustration/annoyance/,ta/,gave/,everytime/,logically/,state_/
