participant_number,",",to,the,i,of,that,a,when,in,was,n't,cautious,:,more,and,at,relief,because,nervous,little,it,bit,alert,level,back,game,this,but,out,what,get,with,still,me,anxious,not,hopeful,would,did,dog,shot,curious,being,stress,for,anxiety,confused,fear,about,threatened,they,going,satisfied,be,'',truck,how,neutral,than,on,``,do,have,frustration,frustrated,jump,over,increase,stressed,relieved,see,so,?,time,from,car,again,surprised,-,before,getting,if,character,fearful,trying,thought,up,confusion,curiosity,dread,scared,here,is,can,could,'s,happen,water,(,),felt,there,something,resigned,past,waiting,flashlight,will,guy,caught,less,dogs,satisfaction,high,got,go,started,know,start,lights,he,really,accomplished,;,alertness,chase,scene,as,surprise,caution,spike,away,sound,mild,make,seeing,feeling,work,die,fridge,no,just,light,made,knew,came,move,oh,slight,controls,background,like,figure,point,realization,ca,were,had,nothing,--,first,hide,far,view,after,run,worked,might,second,pass,determined,annoyed,into,next,saw,solution,use,come,new,slightly,behind,people,lot,are,moment,by,hiding,kept,strategy,shock,chased,plan,accomplishment,increased,death,very,&,grab,medium,moving,stressful,now,way,determination,coming,noise,continued,interact,hope,find,much,door,feel,crate,while,'m,or,log,nervousness,low,hopeless,pretty,open,running,another,checkpoint,most,strategizing,worried,part,same,jumping,happened,afraid,through,figuring,resignation,during,down,rock,wanted,try,died,went,cornfield,higher,keep,making,heard,working,underwater,shocked,thinking,shocking,safe,beginning,other,testing,my,satisfying,dying,sense,sure,seen,tripping,around,realized,fight,end,leave,expected,hit,wall,okay,music,too,peak,person,place,why,pigs,unsure,became,some,also,watching,different,able,hint,uncertainty,state,right,gotten,wondering,moved,highest,faster,front,close,attention,gameplay,threat,should,left,surface,forward,road,scary,escaped,cautiousness,an,last,starts,puzzle,off,becoming,closer,sounds,'re,steady,catch,showed,alt,man,turned,want,jumped,throughout,'ll,resolved,wo,environment,been,focused,bored,cue,levels,barking,even,anything,I,disappointed,concerned,problem,missed,yet,fast,disappointment,'d,sequence,all,movement,hopelessness,take,breath,starting,definitely,landed,breathing,frustrating,falling,tripped,one,.,tried,key,has,ahead,survive,maybe,whether,land,follow,happy,kid,objects,distance,she,killed,looking,choked,glad,headlights,think,cues,heightened,took,between,you,expect,anticipating,sad,aware,shit,discovery,hidden,unexpected,root,tactic,escape,times,though,where,notice,sheet,drown,waited,gunshots,drowned,small,underlying,hearing,passed,landing,stayed,calm,else,box,does,cliff,somewhat,beat,self,enough,tools,growing,finding,figured,hesitation,myself,screen,comes,feels,disgust,chasing,gone,someone,stop,wait,edge,trip,bad,only,inside,split,shooting,needed,excited,both,each,long,leaving,avoid,rising,ways,noticed,actions,wrong,fall,sudden,lack,having,helplessness,puzzle-solving,extra,instead,space,expecting,big,timing,irritation,continuous,until,amount,mildly,recent,multiple,drowning,experimenting,side,cheat,team,viewer,splash,pressure,crouch,gunshot,gate,mostly,restart,hand,huge,am,fairly,well,confident,exploring,shots,ran,section,towards,strategies,two,knowing,hitting,looked,works,frustation,block,anticipation,camper,air,potential,trouble,triggered,foreshadowing,seems,stuck,panicky,puddle,grossed,farther,fearful/threatened,pleasantly,quickly,stess,them,whole,curiousity,change,range,since,somewhere,slow,apprehensive,',harder,enemy,happening,outrun,obstacles,child,clueless,staying,upon,vulnerability,b/c,validation,control,barked,especially,eugh,powerlessness,pop,stopping,mix,startled,heavy,irritated,item,sliding,alarming,surprising,already,graphic,any,direction,slowly,futility,apathy,participant,moves,characters,unpleasant,survived,doing,swimming,fence,later,pop-up,speed,check,logs,pressing,becomes,visible,press,river,damn,branch,things,ground,aw,rapid,super,2,guys,then,begins,lessened,pushed,using,obstacle,used,quite,rise,slid,reduced,increasing,continue,rather,early,tries,differently,places,alternative,playing,outcome,cave,closed,tiny,immediately,hear,understand,active,automatically,stakes,almost,inevitability,observing,resolve,confidence,tense,kind,shift,cautious/alert,head,completely,changed,catching,lower,continous,break,dead,asked,loud,capabilities,leaves,draw,moderate,paying,posture,constant,climb,successfully,opening,play,several,escaping,reach,supposed,button,immense,given,indifferent,walking,gradual,childish,otherwise,remembered,successful,hold,embarrassment,trigger,lesser,following,stay,happiness,careful,incoming,help,grabbed,excitement,challenge,'ve,show,sides,similar,heavily,challenger,him,her,!,good,enemies,compared,depressed,further,limbo,appeared,tired,evaluate,distract,face,barrier,solutions,angry,nooo,everything,anymore,half,mixed,adventure,lessening,masks,vulerability,double-checking,consequences,sits,restricted/slow,bushes,=,redo,curiousness,options,done,insecurity,vs,fight-or-flight,response,replaced,frame,mind,god,helpnessness,disgusted,incompetence,peace,deaths,limits,leaning,mechanics,Hopeful,taken,aback,expectant,cover,tutorial,+,drove,standing,fun,problem-solving,aspect,ppl,platform,present,irritating,moreso,upcoming,fear/dread,unexpectedly,route,apathetic,4th,emotional,attachment,intellectual,possibility,realizing,prospect,autopilot,deep,digging,personal,debris,freaks,wary,negative,shifting,shee,need,splashed,scariest,sensor,pressed,loaded,o,paused,remove,removed,without,noises,lots,marker,attracting,straightened,loudness,terrifying,restarting,negotiate,asking,worst,storm,learning,stronger,danger,aha,set,properly,mean,medium-high,miss,earlier,defeated,above,cautioun,toward,total,bird,sort,tool,attract,greater,drive,trick,doubtful,forget,headlight,curious/nervous,upset,checking,stones,branches,searching,maintaining,engagement,preoccupied,encountering,period,cars,kill,routes,resurfacing,contemplation,grasping,straws,flight,brief,top,blck,crush,crashed,restarts,minute,covering,quicker,quietens,fine,outrunning,important,building,respawn,followed,curosity,barbed,wire,foreground,events,ducks,failing,threatening,putting,piece,anyway,ominous,foreboding,flashlights,gets,phew,onwards,out/breathing,quickens,sees,overhanging,form,dissipates,taking,scouting,rock/tool,awareness,commit,intensifies,sound/chase,gore,clevel,puzzley,grim,commitment,reduces,smaller,resolution,audio,trapped,disgust/dread,dies,intensity,heightens,flash,panic,surroundings,cool,correct,approach,gulping,sensation,tranquil,effects,tension,drops,threats,wet,gritty,pity,respect,relating,physical,additional,instruction,talk,boring,pulled,men,stood,faced,facing,rolling,louder,fully,triggering,meant,clear,crouches,drives,fearful/cautious,accidentally,clicked,gasped,scared/threatened,behaved,barely,proud,challengers,gasping,altogether,remember,chaser,forgetting,opponents,alert/cautious,blood,entire,screw,triumph,jaws,laying,bubbles,fog,bottom,hill,kick,appreciation,art,froze,esle,clue,figuratively,literally,smrt,dropped,distracted,SO,RELIEVED,satisfation,amounts,step,puddles,fleeting,thoughts,passage,brought,threw,suffocation,proceed,*sighed*,patient,equal,halfway,happens,loss,unaware,longer,*facial,expression,damnit,hehehehhee,30,seconds,goal,understanding,twig,non-threatening,familiar,elements,barks,opened,shoot,caravan,accident,leftover,swim,depth,breaking,interacting,baseline,pushing,confusing,life,area,approaching,event,driving,breathe,poeple,relieg,pig,tombstones,lose,health,woah,initially,sad/disappointed,motion,opn,breaks,scenery,morbid,focus,omg,short-lived,opens,worse,suprised,pensive,call,hoped,3,loudest,bark,stealth,validated,anticipated,spotted,fly,remainder,visibility,poor,entertained,switched,reached,cant,anxiety/stress,changes,visuals,alongside,shows,anxiety-inducing,assumed,screwed,split-second,slighly,'am,met,expectations,woods,understood,relaxed,fascinated,hell,thus,'sit,option,stuff,stage,function,mid,hated,undetected,attempt,RUN,urgency,experimenters,positive,lucky,fighting,instinct,finally,directions,cautiosu,better,personally,likes,easily,others,time-pressure,scenes,rain,makes,purpose,puzzled,concern,returning,retrying,interactions,clueing,solved,flaslights,opponent,forest,equally,spot,walk,challenges,reaching,points,lake,pigs/what,hopefulness,awaiting,initial,care,interactive,similarities,suprising,exciting,previous,nerviousness,heart,beating,e,attack,guns,efficient,simple,solve,listening,queues,action,warm,cruel,twisted,neck,reviewed,memory,known,stopped,factor,account,cluelessness,quiet,gon,na,kinda,push,quietly,revive,full,turn,shone,pick,forth,boredom,chin,undecided,decision,means,losing,tearing,meat,catches,tested,rememberd,achievement,drowns,context,friends,register,lije,shined,fell,mangled,outcomes,every,fail,wasted,extremely,ther,coudl,correctly,sometimes,third,progress,stready,player,must,many,beng,breather,satisifed,100,%,satisied,once,hang,decreasing,planned,aka,sensed,encountered,coud,gamplay,becamenervous,caution/nervousness,surprise/annoyed,contined,nervous/anxious,empathized,uh-oh,annoyance,yes,frustration/annoyance,ta,gun,gave,everytime,emotions,logically,state_
interview-1.csv,37,10,7,2,25,1,17,2,7,1,1,5,2,7,7,1,8,1,,3,,3,3,1,1,3,,3,1,1,,1,1,1,,3,4,,2,3,,1,2,,1,5,,13,,,,,,1,35,,,,3,,34,,2,4,2,,,2,2,3,1,1,,1,,,,,,,,,2,2,1,1,,,5,2,1,,1,1,,,,,,,1,1,2,,,,,,,,2,1,,,,1,,,,,,4,1,1,2,1,,,,,2,1,,,,2,1,,,,,3,,,,,,3,1,,1,1,,,,,1,,,,2,1,1,,,1,,,,,,1,1,,,,,,,,,1,8,1,1,1,1,,,,,,2,4,2,1,,,,,,,,,1,,,,,1,1,,,,,,,,1,1,1,1,1,,,,,,,,,,,,,,,1,1,,,,,,,,,,,,,,,,,2,2,2,1,1,1,1,,,,,,,,,,,,,,,,,,,,,,,,,,,,5,1,,,,,,,,,,,,,,,,,,,4,1,1,,,,,,,,,,,,,,,,,,,,,,,,,,,,,,,,,,,,,,1,1,1,3,2,2,,,,,,,,,,,,,,,,,,,,,,,,,,,,,,,,,,,,,,,2,1,1,,,,,,,,,,,,,,,,,,,,,,,,,,,,,,,,,,,,,,,,,,,,,,,,,,,,,,,,,,2,2,1,1,2,1,1,2,2,1,2,1,1,1,,,,,,,,,,,,,,,,,,,,,,,,,,,,,,,,,,,,,,,,,,,,,,,,,,,,,,,,,,,,,,,,,,,,,,,,,,,,,,1,2,2,1,2,1,1,2,2,,,,,,,,,,,,,,,,,,,,,,,,,,,,,,,,,,,,,,,,,,,,,,,,,,,,,,,,,,,,,,,,,,,,,,,,,,,,,,,,,,,,,,,,,,,,,,,,,,,,,,,,,,,,,,,,,,,,,,,,,,,,,,,,,,,,,,,,,,,,,,,,,,,,,,,,,,,,,,,1,1,1,1,1,1,1,1,1,1,1,1,1,1,1,1,1,1,1,1,1,1,1,1,1,1,1,1,1,1,1,1,1,1,1,1,,,,,,,,,,,,,,,,,,,,,,,,,,,,,,,,,,,,,,,,,,,,,,,,,,,,,,,,,,,,,,,,,,,,,,,,,,,,,,,,,,,,,,,,,,,,,,,,,,,,,,,,,,,,,,,,,,,,,,,,,,,,,,,,,,,,,,,,,,,,,,,,,,,,,,,,,,,,,,,,,,,,,,,,,,,,,,,,,,,,,,,,,,,,,,,,,,,,,,,,,,,,,,,,,,,,,,,,,,,,,,,,,,,,,,,,,,,,,,,,,,,,,,,,,,,,,,,,,,,,,,,,,,,,,,,,,,,,,,,,,,,,,,,,,,,,,,,,,,,,,,,,,,,,,,,,,,,,,,,,,,,,,,,,,,,,,,,,,,,,,,,,,,,,,,,,,,,,,,,,,,,,,,,,,,,,,,,,,,,,,,,,,,,,,,,,,,,,,,,,,,,,,,,,,,,,,,,,,,,,,,,,,,,,,,,,,,,,,,,,,,,,,,,,,,,,,,,,,,,,,,,,,,,,,,,,,,,,,,,,,,,,,,,,,,,,,,,,,,,,,
interview-10.csv,34,25,12,1,21,5,15,4,6,7,5,7,11,1,5,2,,8,3,,2,10,5,5,2,3,3,3,6,6,2,2,4,3,6,3,1,7,2,1,2,6,,5,1,,,3,4,4,,,3,2,,6,3,,1,,,3,2,1,2,2,7,,5,4,5,,1,3,1,1,2,2,,1,3,1,5,,2,3,2,,1,1,,2,,,3,1,3,4,,,,2,1,3,2,1,,,,,1,2,1,2,,,4,1,,,,,,3,2,5,6,,,,,1,,,,2,,2,1,,,,2,2,2,,,,,1,3,1,3,1,,,1,2,,,,,,1,1,1,1,2,2,,,,2,4,1,1,1,1,1,,,1,,,2,,2,1,1,,,,,2,,3,5,1,1,1,3,,,,1,3,,,,,,1,1,,,,,,,1,,,,1,1,1,2,2,,,,,,,,,,,,1,1,1,1,1,1,,,,,,,,,,,,2,,,2,,,2,1,1,1,1,1,2,1,1,,,,,,,,,,,,,,,,,,,,,1,1,1,1,1,,,,,,,,,,,,,,,2,,1,3,1,2,2,1,,,,,,,,,,,,,,,,,,,,,,,,,,,,,,,,,1,,1,,,1,1,1,1,1,1,1,1,,,,,,,,,,,,,,,,,,,,,,,,,,,,,,,,,,1,2,1,1,2,1,1,,,,,,,,,,,,,,,,,,,,,,,,,,,,,,,,,,,,,,,,,,,,,,,,,,,,,,,,,,,,,,,,1,1,1,1,3,1,1,1,1,1,1,1,1,,,,,,,,,,,,,,,,,,,,,,,,,,,,,,,,,,,,,,,,,,,,,,,,,,,,,,,,,,,,,,,,,,1,,,,,,,,,2,1,1,1,1,2,1,1,2,2,1,1,1,1,1,2,1,1,1,1,1,1,1,1,,,,,,,,,,,,,,,,,,,,,,,,,,,,,,,,,,,,,,,,,,,,,,,,,,,,,,,,,,,,,,,,,,,,,,,,,,,,,,,,,,,,,,,,,,,,,,,,,,,,,,,,,,,,,,,,,,,,,,,,,,,,,,,,,,,,,,,,,,,,,,,,,,,,,,,,,,,,,,,,,,,,,,,,,,,1,1,1,1,1,1,1,1,1,1,1,1,1,1,1,1,1,1,1,1,1,1,1,1,1,1,1,1,1,1,1,,,,,,,,,,,,,,,,,,,,,,,,,,,,,,,,,,,,,,,,,,,,,,,,,,,,,,,,,,,,,,,,,,,,,,,,,,,,,,,,,,,,,,,,,,,,,,,,,,,,,,,,,,,,,,,,,,,,,,,,,,,,,,,,,,,,,,,,,,,,,,,,,,,,,,,,,,,,,,,,,,,,,,,,,,,,,,,,,,,,,,,,,,,,,,,,,,,,,,,,,,,,,,,,,,,,,,,,,,,,,,,,,,,,,,,,,,,,,,,,,,,,,,,,,,,,,,,,,,,,,,,,,,,,,,,,,,,,,,,,,,,,,,,,,,,,,,,,,,,,,,,,,,,,,,,,,,,,,,,,,,,,,,,,,,,,,,,,,,,,,,,,,,,,,,,,,,,,,,,,,,,,,,,,,,,,,,,,,,,,,,,,,,,,,,,,,,,,,,,,,,,,,,,,,,,,,,,,,,,,,,,,,,,,,,,,,,,,,,,,,,,,,,,,,,,,,,,,,,,,,,,,,,,,,,
interview-11.csv,29,25,24,17,12,9,5,17,8,6,4,6,,3,3,8,8,4,11,4,3,4,3,2,7,3,2,3,2,1,3,3,2,6,1,2,1,3,3,3,4,,2,,,12,5,6,,5,3,5,,,,5,1,5,3,7,,2,3,2,,4,2,3,,1,4,1,,2,1,1,2,,2,4,2,4,1,2,,5,1,,,4,3,3,1,2,3,2,,2,7,7,,1,,,1,,6,1,2,,2,4,1,,3,6,,1,2,3,1,,1,1,,1,2,1,1,,1,2,1,1,1,1,,,2,2,2,1,1,2,,4,,1,1,,1,,,,,,,,,,,,1,,,1,,3,,1,2,,,,1,,,,,1,,,,1,1,2,,5,,3,,,1,,1,,,1,,2,,1,,,,,,,,,1,,,1,1,,,,,,1,1,,,,,,,1,1,1,1,,,,,,,,,,,,1,,1,1,,,,,,,,,,,,,,,1,,,,,,1,,,,2,1,1,1,1,1,,,,,,,,,,,,,,,,,,,,2,1,2,1,,,,,,,,,,,1,1,,,,,1,,1,2,2,1,3,2,1,,,,,,,,,,,,,,,,,,,,,,,,,,,,,,,,,1,1,,,,,1,3,2,1,1,,,,,,,,,,,,,,,,,,,,,,,,,,,,,,,,,,,,1,1,1,1,1,1,,,,,,,,,,,,,,,,,,,,,,,,,,,,,,,,,,,,,,,,,,,,,,,1,,,,,,,,,,,,,,,,,1,,,,,,,1,1,3,3,1,1,2,1,1,,,,,,,,,,,,,,,,,,,,,,,,,,,,,,,,,,,,,,,,,,,,,,,,,,,,,,,,,,,,,,,,,,,,,,,,1,,,,,1,,,,,,,,,,,,,1,1,2,1,1,1,1,1,2,1,,,,,,,,,,,,,,,,,,,,,,,,,,,,,,,,,,,,,,,,,,,,,,,,,,,,,,,,,,,,,,,,,,,,,,,,,,,,,,,,,,,,,,,,,,,,,,,,,,,,,,,,,,,,,,,,,,,,,,,,,,,,,,,,,,,,,,,,,,,,,,,,,,,,,,,,,,,,,,,,,,,,,,,,,,,,,,,,,,,,,,,,,,,,,,,,1,1,1,1,1,1,1,1,1,1,1,1,1,1,1,1,1,1,,,,,,,,,,,,,,,,,,,,,,,,,,,,,,,,,,,,,,,,,,,,,,,,,,,,,,,,,,,,,,,,,,,,,,,,,,,,,,,,,,,,,,,,,,,,,,,,,,,,,,,,,,,,,,,,,,,,,,,,,,,,,,,,,,,,,,,,,,,,,,,,,,,,,,,,,,,,,,,,,,,,,,,,,,,,,,,,,,,,,,,,,,,,,,,,,,,,,,,,,,,,,,,,,,,,,,,,,,,,,,,,,,,,,,,,,,,,,,,,,,,,,,,,,,,,,,,,,,,,,,,,,,,,,,,,,,,,,,,,,,,,,,,,,,,,,,,,,,,,,,,,,,,,,,,,,,,,,,,,,,,,,,,,,,,,,,,,,,,,,,,,,,,,,,,,,,,,,,,,,,,,,,,,,,,,,,,,,,,,,,,,,,,,,,,,,,,,,,,,,,,,,,,,,,,,,,,,,,,,,,,,,,,,,,,,,,,,,,,,,,,,,,,,,,,,
interview-12.csv,42,26,29,24,4,12,4,8,6,5,6,9,,1,4,13,6,2,10,3,4,1,6,,9,2,6,5,2,5,8,4,,1,2,5,9,4,3,1,5,3,2,1,1,1,3,4,1,,1,9,,1,3,,2,4,1,3,3,2,1,1,,,,1,,2,,5,,1,1,4,5,4,,1,1,2,1,,1,,,,,6,,1,1,5,2,5,5,1,2,2,,1,1,1,4,,,,3,3,2,2,2,,2,2,4,,1,2,2,,2,,,3,2,,,1,1,1,1,,1,,1,,1,,2,2,1,,3,1,,3,,,1,,,3,1,,,1,2,,2,2,2,,1,4,,,,,,,,,1,,2,1,,,,,,,,,2,4,1,,,,2,,,,,2,,,,1,,,,1,1,2,,,,,,1,1,1,2,,,,2,1,,1,,,,,,1,1,,1,1,1,,,,1,,,2,,1,,,1,2,1,1,2,,,,,1,,,,,,1,,1,1,,,,1,,,,,2,,,,1,1,1,1,,,,,,,,,,,,,,,,,1,1,,,,,,,,,,,,,,,,1,,,,,,,,1,2,,2,1,1,1,2,1,,,,,,,,,,,,,,,,,,,,,2,,,,,,,,1,,,,,,1,,,1,3,1,,,,,,,,,,,,,,,,,,,,,,,1,,,,,,,,,,,1,,1,,1,1,1,1,1,1,1,1,,,,,,,,,,,,,,,,,,,,,,,,,,,,,,,,,,,,,,,,,,,,,,,,,,,,,,,,,,1,,,,,,,1,,,,,,,,1,1,2,2,,,,,,,,,,,,,,,,,,,,,,,,,,,,,,,,,,,,,,,,,,,,,,,,,,,,,,,,,,,,,,,,,,,,,,,,,,,,,,,,,,,,,,,,,,,,,,,,1,1,1,1,1,2,1,1,1,1,1,,,,,,,,,,,,,,,,,,,,,,,,,,,,,,,,,,,,,,,,,,,,,,,,,,,,,,,,,,,,,,,,,,,,,,,,,,,,,,,,,,,,,,,,,,,,,,,,,,,,,,,,,,,,,,,,,,,,,,,,,,,,,,,,,,,,,,,,,,,,,,,,,,,,,,,,,,,,,,,,,,,,,,,,,,,,,,,,,,,,,,,,,,,,,,,,,,,,,,,1,1,1,1,1,1,1,1,,,,,,,,,,,,,,,,,,,,,,,,,,,,,,,,,,,,,,,,,,,,,,,,,,,,,,,,,,,,,,,,,,,,,,,,,,,,,,,,,,,,,,,,,,,,,,,,,,,,,,,,,,,,,,,,,,,,,,,,,,,,,,,,,,,,,,,,,,,,,,,,,,,,,,,,,,,,,,,,,,,,,,,,,,,,,,,,,,,,,,,,,,,,,,,,,,,,,,,,,,,,,,,,,,,,,,,,,,,,,,,,,,,,,,,,,,,,,,,,,,,,,,,,,,,,,,,,,,,,,,,,,,,,,,,,,,,,,,,,,,,,,,,,,,,,,,,,,,,,,,,,,,,,,,,,,,,,,,,,,,,,,,,,,,,,,,,,,,,,,,,,,,,,,,,,,,,,,,,,,,,,,,,,,,,,,,,,,,,,,,,,,,,,,,,,,,,,,,,,,,,,,,,,,,,,,,,,,,,,,,,,,,,,,,,,,,,,,,,,,,,,
interview-13.csv,26,19,10,10,8,,10,1,5,7,5,5,17,6,1,6,2,,3,1,,8,,7,2,1,6,3,2,8,3,3,6,2,2,1,1,6,3,1,3,1,2,8,,,5,,5,3,3,2,5,2,,1,4,1,,2,,4,4,,1,2,2,2,9,4,3,,9,2,,1,6,6,1,,4,3,1,2,1,1,,7,4,,,,1,2,1,1,2,2,1,1,2,2,3,,2,,,3,,2,,1,,3,1,1,3,1,2,1,,,2,2,,,,,,,,,,,,,6,1,,2,,,,,,,1,1,,2,,1,,1,,,,,,4,,1,,,1,,,1,,1,,3,,1,1,,1,2,,2,1,,1,,1,,,,2,,,,,,,,,1,2,,1,,2,,,,,,,,,,4,2,,,1,,1,,,,,,1,2,,,1,,,,,,,,,,,2,,,,,,1,,,,,,,,,,,1,,,1,1,1,2,,,2,3,,,1,,,,,1,,,,,,,4,2,1,1,,,,,2,,,,1,1,,,,,,1,1,,,,,,,,,,,,,,1,,1,,,,,,,,,1,,,,,1,2,2,1,1,3,,,,,,,,,,,,,,,,,,,1,,,,1,2,,,,,,,,1,,2,2,1,1,,,,,,,,,,,,,,,,,,,,,,,,1,,,,,1,,,,,,,1,,,,,,,1,1,1,1,,,,,,,,,,,,,,,,,,,,,,,,,,,,,,,,,,,,,,1,,,,,,,,,,,,,,,,,,,,,,1,,,,,,,,,,,,,2,2,1,1,1,1,,,,,,,,,,,,,,,,,,,,,,,,,,,,,,,,,,,,,,,,,,,,,,,,,,,,,,,,,,,1,,,,,,,,,,,,,,,,,,,,,,,,,,,,,,,,,,,,,,,,,,1,2,1,2,1,1,2,1,,,,,,,,,,,,,,,,,,,,,,,,,,,,,,,,,,,,,,,,,,,,,,,,,,,,,,,,,,,,,,,,,,,,,,,,,,,,,,,,,,,,,,,,,,,,,,,,,,,,,,,,,,,,,,,,,,,,,,,,,,,,,,,,,,,,,,,,,,,,,,,,,,,,,,,,,,,,,,,,,,,,,,,,,,,,,,,,,,,,,,,,,,,,,,,,,,,,,,,1,1,1,1,1,1,1,1,1,1,1,1,1,,,,,,,,,,,,,,,,,,,,,,,,,,,,,,,,,,,,,,,,,,,,,,,,,,,,,,,,,,,,,,,,,,,,,,,,,,,,,,,,,,,,,,,,,,,,,,,,,,,,,,,,,,,,,,,,,,,,,,,,,,,,,,,,,,,,,,,,,,,,,,,,,,,,,,,,,,,,,,,,,,,,,,,,,,,,,,,,,,,,,,,,,,,,,,,,,,,,,,,,,,,,,,,,,,,,,,,,,,,,,,,,,,,,,,,,,,,,,,,,,,,,,,,,,,,,,,,,,,,,,,,,,,,,,,,,,,,,,,,,,,,,,,,,,,,,,,,,,,,,,,,,,,,,,,,,,,,,,,,,,,,,,,,,,,,,,,,,,,,,,,,,,,,,,,,,,,,,,,,,,,,,,,,,,,,,,,,,,,,,,,,,,,,,,,,,,,,,,,,,,,,,,,,,,,,,,,,,,,,,,,,,,,,,,,,
interview-14.csv,21,24,32,3,17,3,16,10,11,5,7,3,17,3,7,,5,7,14,12,4,4,1,9,,7,5,5,3,3,4,6,12,,,4,3,6,6,2,1,3,3,2,7,,1,5,5,,,1,1,4,,8,6,,2,1,,3,1,3,1,2,1,5,5,2,1,1,3,2,2,4,2,4,4,,1,3,5,1,5,4,2,1,1,,14,,1,3,1,1,,3,,,1,2,1,,4,,3,2,,,3,1,,3,,,,1,1,1,,,1,2,2,,,5,1,,,2,1,,,3,,1,,2,,1,,,2,1,3,,1,2,,1,1,2,,,1,1,1,2,,1,,,1,,,1,2,2,2,,,,,,2,1,1,,1,2,,,,,1,,1,,4,,,1,,,2,2,2,1,2,,,,2,,,,,1,1,,1,,1,,1,,1,,,,1,1,,2,,2,,,,1,,1,1,1,,2,1,,,,1,,,,,1,,,,1,3,,,,,,,,,2,,,,4,,,,,1,1,1,,,,1,,,,1,,,1,,1,,,,,,,1,2,1,,1,,,2,1,,1,1,1,,,,,,,,1,,,,1,,,,,,,,,3,,1,,,,,,,,,,1,3,1,1,2,,,,,,,,1,,,1,,,,,,,,,,,,,,,2,,,,1,,,1,1,2,2,1,3,,,,,,,,,,,,,,,,,,1,,,,1,,,,,,,,,,,1,1,,,,,,,2,1,2,1,4,1,1,1,,,,,,,,,,,,,,,,,,,,,,,,,,,,,1,,,1,,,,,1,1,,,,,,,,,,1,,,,,,,,,,,1,,,,,,,,,,,,1,1,1,1,1,1,1,1,1,,,,,,,,,,,,,,,,,,,,,,,,,,,,,,,,,,,,,,,,,,,,,,,,,1,,,,,,,,,,,,,,,,1,,,,,,,,,,,,,1,,,,,,,,,,,,,,,,,,,1,,,1,1,1,1,1,1,1,1,1,1,1,,,,,,,,,,,,,,,,,,,,,,,,,,,,,,,,,,,,,,,,,,,,,,,,,,,,,,,,,,,,,,,,,,,,,,,,,,,,,,,,,,,,,,,,,,,,,,,,,,,,,,,,,,,,,,,,,,,,,,,,,,,,,,,,,,,,,,,,,,,,,,,,,,,,,,,,,,,,,,,,,,,,,,,,,,,,,,,,,,,,,,,,,,,,,,,,,,,,,,,,,1,1,1,1,1,1,1,1,1,1,1,1,1,1,1,1,1,1,1,1,1,1,1,1,1,1,1,,,,,,,,,,,,,,,,,,,,,,,,,,,,,,,,,,,,,,,,,,,,,,,,,,,,,,,,,,,,,,,,,,,,,,,,,,,,,,,,,,,,,,,,,,,,,,,,,,,,,,,,,,,,,,,,,,,,,,,,,,,,,,,,,,,,,,,,,,,,,,,,,,,,,,,,,,,,,,,,,,,,,,,,,,,,,,,,,,,,,,,,,,,,,,,,,,,,,,,,,,,,,,,,,,,,,,,,,,,,,,,,,,,,,,,,,,,,,,,,,,,,,,,,,,,,,,,,,,,,,,,,,,,,,,,,,,,,,,,,,,,,,,,,,,,,,,,,,,,,,,,,,,,,,,,,,,,,,,,,,,,,,,,,,,,,,,,,,,,,,,,,,,,,,,,,,,,,,,,,,,,,,,,,,,,,,,,,,,,,,,,,,,,,,,,,,,,,,,,,,,,,
interview-15.csv,33,29,25,11,9,12,6,7,8,4,5,11,1,1,5,17,9,6,7,,3,1,1,,6,3,4,3,6,2,5,4,2,3,,5,1,2,2,3,2,1,5,5,4,2,5,3,1,3,2,2,4,3,,,4,5,4,1,,2,1,,,7,2,1,,1,1,1,1,2,,2,,1,1,5,1,2,,1,1,,1,,1,2,2,4,2,1,,,,3,3,3,,1,,1,2,,1,4,2,1,3,1,,1,2,1,,2,4,2,1,2,1,,,1,2,1,7,2,1,,3,4,4,,,1,4,2,1,2,1,,1,,2,1,,1,2,,1,,1,,1,1,,,,,,3,,1,,2,2,,1,,3,1,,2,,1,,,,1,,1,2,,1,,,2,1,1,1,,1,,,,,,1,,,,,2,,1,,,1,1,,,,,2,,1,,,,1,1,,1,,,1,,,,,,,,2,,1,,,,,,,1,,3,,,,,,1,,,,1,,,,,,,,,1,1,,2,,,,,,,,1,,,,,,,,,1,1,,,,,,,1,,,1,1,,,,,,1,2,1,,,,,,,,,,,,,,,1,,,,,,1,1,,2,,,,,1,,,,,,,4,,,,,,,2,,,,,,,,,,,,,,,,,,,,1,,,1,1,,,,,,,1,4,,,,,,,,,,,,,,,,,,,,,,1,,,1,1,,,,,,,,,,,1,,,,,,,,1,,1,1,1,1,,,,,,,,,,,,,,,,,,,,,,,,,,,1,,,,1,,,,,,,,,,,,1,,,,,,,,,,,,1,,,,,,,,,,,,,,,,,,,,,1,1,1,3,1,,,,,,,,,,,,,,,,,,,,,,,,,,,,,,,,,,,,,,,,,,,,,,,,,,,,,,,,,,,,,,,,,,,,,,,,,,,,,,,,1,,,,,,,,,,,,,,,,,,,,,,,,,,1,1,1,1,1,1,,,,,,,,,,,,,,,,,,,,,,,,,,,,,,,,,,,,,,,,,,,,,,,,,,,,,,,,,,,,,,,,,,,,,,,,,,,,,,,,,,,,,,,,,,,,,,,,,,,,,,,,,,,,,,,,,,,,,,,,,,,,,,,,,,,,,,,,,,,,,,,,,,,,,,,,,,,,,,,,,,,,,,,,,,,,,,,,,,,,,,,,,,,,,,,,,,,,,,,,,,,,,,,,,,,,,,,,,,,,,,1,1,1,1,1,1,1,1,1,1,1,1,1,1,1,1,1,1,1,1,,,,,,,,,,,,,,,,,,,,,,,,,,,,,,,,,,,,,,,,,,,,,,,,,,,,,,,,,,,,,,,,,,,,,,,,,,,,,,,,,,,,,,,,,,,,,,,,,,,,,,,,,,,,,,,,,,,,,,,,,,,,,,,,,,,,,,,,,,,,,,,,,,,,,,,,,,,,,,,,,,,,,,,,,,,,,,,,,,,,,,,,,,,,,,,,,,,,,,,,,,,,,,,,,,,,,,,,,,,,,,,,,,,,,,,,,,,,,,,,,,,,,,,,,,,,,,,,,,,,,,,,,,,,,,,,,,,,,,,,,,,,,,,,,,,,,,,,,,,,,,,,,,,,,,,,,,,,,,,,,,,,,,,,,,,,,,,,,,,,,,,,,,,,,,,,,,,,,,,,,,,,,,,,,,,,,,,,,,,,,,,,
interview-17.csv,39,13,12,12,19,1,10,8,7,,,,26,2,,6,2,2,1,2,2,7,1,13,,5,4,3,4,1,1,5,3,,2,1,3,,,5,1,1,2,2,4,4,,1,1,1,,,,,,,4,,,,,3,3,1,1,2,1,,2,,1,1,9,,2,3,2,,,,1,,4,1,2,,,,5,2,,3,4,1,,,1,2,,,2,1,1,,1,3,,4,,,,,2,10,,1,,,,,,2,,,10,,,1,,4,,1,4,,1,2,3,,1,1,2,1,,1,1,,,1,,2,3,2,,1,,,,,1,2,1,,2,,1,,1,,,,,,,,1,2,,1,1,,,,,2,3,3,1,,,,,,,1,,,2,1,1,2,1,,,,,,,4,1,2,,,2,,,,,,4,4,,,,1,,,,1,,,,1,,,1,,,,,1,1,1,,,1,1,,,,,,,,,2,,,,,4,,,,,,,,,,,,,,,,1,1,,1,,,,,,2,2,,,,,,1,,,,,,,,,,1,,,,,,,,,1,,2,1,,,1,,,,,,,,,,,1,,,,2,,,,4,1,1,,1,,,,1,,,,,,,,,,,,2,,,,1,1,,,,,,,1,,,,,,,3,1,,,,1,1,,1,1,3,1,1,,,,,,,1,,,,,2,,,1,1,,,,,,,,,,,,,,,1,,,,,,,,,,,,,1,,3,2,1,,,,,,,,,,,,,,,,,,,,1,,,,,,,,1,1,,,1,,,,,,,,1,,,1,,,,,,,1,,,,,,,,1,,,,1,,,,,,,,,,,,,1,,,2,1,2,2,1,1,3,1,3,,,,,,,,,,,,,,,,,,,,,,,,,,,,,,,,,,,,,,,,,,,,,,,1,,,,,,1,,,,,,,,,,,,,,,,,,,,,1,,,,,,,,,,,,,,1,,,,,,,,1,,,,1,,,1,2,1,2,1,2,1,1,1,1,2,1,1,,,,,,,,,,,,,,,,,,,,,,,,,,,,,,,,,,,,,,,,,,,,,,,,,,,,,,,,,,,,,,,,,,,,,,,,,,,,,,,,,,,,,,,,,,,,,,,,,,,,,,,,,,,,,,,,,,,,,,,,,,,,,,,,,,,,,,,,,,,,,,,,,,,,,,,,,,,,,,,,,,,,,,,,,,,,,,,,,,,,,,,,,,,,,,,,,,,,,,,,,,,,,,,,,,,,,,,,,,,,,,,,,,,,,1,1,1,1,1,1,1,1,1,1,1,1,1,1,1,1,1,1,1,1,1,1,1,1,1,1,1,1,1,1,1,1,1,1,1,1,1,1,1,1,1,1,1,1,1,1,1,1,1,1,1,1,1,1,1,1,1,1,1,1,1,1,1,,,,,,,,,,,,,,,,,,,,,,,,,,,,,,,,,,,,,,,,,,,,,,,,,,,,,,,,,,,,,,,,,,,,,,,,,,,,,,,,,,,,,,,,,,,,,,,,,,,,,,,,,,,,,,,,,,,,,,,,,,,,,,,,,,,,,,,,,,,,,,,,,,,,,,,,,,,,,,,,,,,,,,,,,,,,,,,,,,,,,,,,,,,,,,,,,,,,,,,,,,,,,,,,,,,,,,,,,,,,,,,,,,,,,,,,,,,,,,,,,,,,,,,,,,,,,,,,,,,,,,,,,,,,,,,,,,,,,,,,,,,,,,,,,,,,,,,,,,,,,,,,,,,,,,,,,,,,,,,,,
interview-18.csv,14,25,26,11,6,6,4,21,8,6,2,8,,6,3,1,4,4,4,4,4,2,1,,7,2,1,2,4,,3,3,2,2,3,1,,1,1,4,3,2,3,1,2,1,5,,1,9,,2,2,2,,2,2,7,5,4,,,,,1,,,,1,2,2,1,,,1,4,,2,5,3,1,1,,,,2,7,2,,,,1,,3,,,3,3,2,2,,,1,,,1,4,,1,2,1,2,2,,2,1,3,,1,2,2,,1,,,1,1,1,,1,1,2,,1,,,,,,2,,,,1,1,2,1,1,,,2,,1,,1,1,3,1,2,,,2,1,4,1,,2,,1,,,,1,,,,,1,,,2,1,,,,1,,,1,,,,,,,,,,,1,1,,1,,1,,,1,,,,1,,1,,,,,1,,,,1,,,,,,,,,1,1,,1,1,,,,,,,,1,,,,,2,1,,,,,,,,,,,,,,1,,,,,1,1,1,,1,1,2,,1,1,,1,1,,,,,,,,,,,,,,,,1,,,,,1,,,2,1,1,1,,,,,,,,,,1,,,1,,,,,,1,,1,2,,,,,3,,,1,,1,,,,,,,,,,,,2,,,,,,2,,,,,,,,,,,,,,,1,,,,,,,,,,1,,,,,,,,,,,,,,,,,,,,,,,,,,,,,,,1,,,,,,,,,,,,,,,,,,,,,,1,1,1,1,,,,,,,,,,,,,,,,,,,,,,,,,,,,,,,,,,,,,,,,,,,,,,,,,1,,,,,,,1,,,,,,,,,,,,,,1,,,,,,,,,,,,,1,,,,,,,,,,,,,,,,,,,,,,,,,,,,,,,,,,,,,,,,,,,,,,,,,,,,,,,,,,,,,,,,,,,,,,,,,,,,,,,,,,,,,,,,,1,,,,,,,,1,,,,,,,,,,,,,,,,,,2,1,1,1,1,1,1,1,,,,,,,,,,,,,,,,,,,,,,,,,,,,,,,,,,,,,,,,,,,,,,,,,,,,,,,,,,,,,,,,,,,,,,,,,,,,,,,,,,,,,,,,,,,,,,,,,,,,,,,,,,,,,,,,,,,,,,,,,,,,,,,,,,,,,,,,,,,,,,,,,,,,,,,,,,,,,,,,,,,,,,,,,,,,,,,,,,,,,,,,,,,,,,,,,,,,,,,,,,,,,,,,,,,,,,,,,,,,,,,,,,,,,,,,,,,,,,,,,,,,,,,,,,,,,,,,,,,,,,,,,,,,,,,,,,,,,,,,,,,,1,1,1,1,1,1,1,1,1,1,1,1,1,1,1,,,,,,,,,,,,,,,,,,,,,,,,,,,,,,,,,,,,,,,,,,,,,,,,,,,,,,,,,,,,,,,,,,,,,,,,,,,,,,,,,,,,,,,,,,,,,,,,,,,,,,,,,,,,,,,,,,,,,,,,,,,,,,,,,,,,,,,,,,,,,,,,,,,,,,,,,,,,,,,,,,,,,,,,,,,,,,,,,,,,,,,,,,,,,,,,,,,,,,,,,,,,,,,,,,,,,,,,,,,,,,,,,,,,,,,,,,,,,,,,,,,,,,,,,,,,,,,,,,,,,,,,,,,,,,,,,,,,,,,,,,,,,,,,,,,,,,,,,,,,,,,,,,
interview-19.csv,9,35,21,3,22,,19,1,3,1,1,4,10,1,4,7,8,,,12,,18,2,8,,4,2,,3,2,5,1,1,1,1,5,1,1,2,3,4,2,5,1,4,,,1,6,1,,,1,4,,4,1,2,,1,,4,10,5,3,4,7,1,,2,3,2,5,,6,1,4,8,,1,2,,7,2,1,,1,3,5,,,1,2,,,3,,1,,,1,2,,,,4,,1,2,3,,1,,3,,,,1,2,1,1,,,1,1,,3,,1,2,,3,2,,,2,,,1,,,3,,,,,1,,,4,,1,,,,,,,,4,,1,,,2,,,,,1,,2,,,1,,2,,,,3,,1,,,1,1,,,,2,,1,,,,1,,1,,,,,,,,,,,,,2,,1,1,,,3,,1,,,1,1,,2,,,,,,1,,,,2,,,,3,,,,,1,,,,,,,,,,,,,1,,,,,,,,,,,,,,,2,,1,,,,,1,,,,,,,,1,,,2,,2,1,,,,,,2,1,,1,,1,,,,4,,,,1,,,,,,,,,,2,,,,,,,,,,1,,,,,,,1,,,,,1,,,,,,1,,,,,,1,,,,,,,,,2,,,,,,1,,,,,,,,,2,,,1,,,,1,,,,,,,,,,,,,1,,,,,,,,,,,,,,1,,1,,1,,,,1,,,,,,,,,,,1,,1,,,,1,1,,,,,,,,,,,,,,,,,,,,,1,,,,,,,,,,,,,,1,,1,1,,,,,,,,,,,,,,,1,,,,1,,,,,,,2,,,,,,,1,,,,,,,,,,,3,1,,,,,,,,,,,,,,,,,,,,,,,,,,,1,,,,,,,,,,,,,,,,,,,,,,1,,,,1,,,,,,,,,,,,,,,,,,,,,,,,,,,,,,,,,,,,,1,,,,,,,,,1,,,1,,,,,,,,,,1,,,,,,,,,1,1,2,1,1,2,1,2,1,1,1,1,1,1,1,1,,,,,,,,,,,,,,,,,,,,,,,,,,,,,,,,,,,,,,,,,,,,,,,,,,,,,,,,,,,,,,,,,,,,,,,,,,,,,,,,,,,,,,,,,,,,,,,,,,,,,,,,,,,,,,,,,,,,,,,,,,,,,,,,,,,,,,,,,,,,,,,,,,,,,,,,,,,,,,,,,,,,,,,,,,,,,,,,,,,,,,,,,,,,,,,,,,,,,,,,,,,,,,,,,,,,,,,,,,,,,,,,,,,,,,,,,,,,,,,,,,,,,,,,,,,,,,,,,,,,,,,,,,,,,,,,,,,,,,,,,,,1,1,1,1,1,1,1,1,1,1,1,1,1,1,1,1,1,1,1,1,1,1,1,1,1,1,1,1,1,,,,,,,,,,,,,,,,,,,,,,,,,,,,,,,,,,,,,,,,,,,,,,,,,,,,,,,,,,,,,,,,,,,,,,,,,,,,,,,,,,,,,,,,,,,,,,,,,,,,,,,,,,,,,,,,,,,,,,,,,,,,,,,,,,,,,,,,,,,,,,,,,,,,,,,,,,,,,,,,,,,,,,,,,,,,,,,,,,,,,,,,,,,,,,,,,,,,,,,,,,,,,,,,,,,,,,,,,,,,,,,,,,,,,,,,,,,,,,,,,,,,,,,,,,,,,,,,,,,,,,,,,,,,,,,,,,,,,
interview-2.mov.csv,55,39,20,15,26,17,7,6,21,8,10,9,1,14,9,1,9,20,,2,10,5,8,13,7,2,4,7,2,7,5,8,3,7,2,5,3,2,6,5,3,,,22,6,4,4,,3,,5,4,2,3,1,,4,2,9,8,,3,5,10,1,4,2,11,1,,4,3,,1,1,1,3,,3,7,,3,,1,,,2,5,4,3,,2,1,1,,2,2,1,,,,2,2,4,3,4,3,1,2,2,5,1,4,5,3,4,,2,2,2,,1,2,,3,5,,,,5,8,1,1,6,3,,,2,1,1,4,3,2,2,1,1,1,,2,,,1,,1,3,3,1,,2,,,1,1,1,,1,2,2,1,,,,,1,1,,1,1,1,1,,,1,1,,1,1,,1,2,,3,1,,,,,,,,1,2,2,8,,1,2,,6,2,,1,,,1,2,,1,,1,,2,,,1,,1,,,1,1,,1,,,,3,,2,,,,1,1,1,3,1,,1,1,1,,,,,,1,,1,,,,,,,,,,,,,1,,,,,,,2,,1,,,,,,1,,,,,,,,,1,,,,,,,1,,,1,,,,,,1,,,,,,,1,,,,,,1,,,,,1,,,,,,,,,1,1,,,,1,2,1,1,,,,,,,,1,,,,,,,1,1,2,,,,,1,1,2,,,,1,,,,,,,,,,,,,,1,1,,,,,,1,,,,,,,,,,,,1,,1,,,,,,,,,,,,1,,,,,1,,,,,,,,,1,,,,,1,2,1,1,,,,,,,,,,1,,,,,,1,1,,,,1,1,,,,,,,,,,,1,,,,,,,1,,,,,,2,,,,,,,,1,1,,,1,,,,,1,,,,,1,,,,,,,,1,,,,,1,2,1,1,1,,,,,,,,,,,,,,,,,,,,,,,,,,,,,,,,,,,,,,1,,,,,,,,,1,,,,,1,,,,,,1,,,,,,,,,,1,,,,,,,,,,,,,,,,,,,,,1,,,,,,,,,,,,,,1,,,,,,1,,,1,,,,,,,,,,,,,,,,,,,,1,1,2,1,2,1,2,2,1,1,2,1,,,,,,,,,,,,,,,,,,,,,,,,,,,,,,,,,,,,,,,,,,,,,,,,,,,,,,,,,,,,,,,,,,,,,,,,,,,,,,,,,,,,,,,,,,,,,,,,,,,,,,,,,,,,,,,,,,,,,,,,,,,,,,,,,,,,,,,,,,,,,,,,,,,,,,,,,,,,,,,,,,,,,,,,,,,,,,,,,,,,,,,,,,,,,,,,,,,,,,,,,,,,,,,,,,,,,,,,,,,,,,,,,,,,,,,,,,,,,,,,,,,,,,,,,,,,,,,,,,,,,,,,,,,,,,,,,,,,,,,,,,,,,,,,,,,,,,,,,,,,1,1,1,1,1,1,1,1,1,1,1,1,1,1,1,1,1,1,1,1,1,1,1,1,1,1,1,1,1,1,1,1,1,1,1,,,,,,,,,,,,,,,,,,,,,,,,,,,,,,,,,,,,,,,,,,,,,,,,,,,,,,,,,,,,,,,,,,,,,,,,,,,,,,,,,,,,,,,,,,,,,,,,,,,,,,,,,,,,,,,,,,,,,,,,,,,,,,,,,,,,,,,,,,,,,,,,,,,,,,,,,,,,,,,,,,,,,,,,,,,,,,,,,,,,,,,,,,,,,,,,,,,,,,,,,,,,,,,,,,,,,,,,,,,,,,,,,,,,,,,,,,,,,,,,,,
interview-20.csv,41,17,20,13,12,21,6,19,4,13,9,5,,14,5,9,15,9,7,4,6,2,7,,4,3,4,2,4,4,3,4,4,2,3,1,3,1,5,3,5,4,5,3,2,3,1,2,4,7,10,6,1,,,3,2,2,3,3,,1,,3,,,2,,4,,2,,,2,2,,1,2,,2,2,1,,3,2,2,2,5,4,3,,2,,2,2,1,2,2,2,2,1,2,2,2,1,1,1,1,,7,1,1,4,,4,1,,2,1,3,1,1,,,,1,1,,6,5,,1,,4,,4,,2,,1,1,,,1,1,5,,,4,1,2,2,,1,,1,4,2,2,,5,,,3,2,1,,,1,,,,2,1,,,1,2,4,2,1,,,,,1,,1,3,2,,,1,1,,,,,,1,,,1,1,,1,1,1,3,,,1,,1,,,,1,,,,,2,,1,,2,,,,,,2,,,1,,,,,,,,,,,,,,,,,,,,,1,,,,1,,1,2,1,,,,,,1,1,,,,,,4,1,,1,,,1,,,,,,,,,,,,,,,,,,,,,2,,2,,,,,,,,,,1,,,,1,,,,1,,,,,,,1,1,,,,,,,,,,,,1,2,1,6,1,,,,,,,,,,,,,,,,,,,1,,,,,1,,,,,,,,,1,1,,,,,1,,,,,,,,,,,,1,,,,,1,1,1,,,,,,1,,,,,,,,,,,,,,,,2,,,,,,,,,,,,,,,1,1,1,,,,,,,,,,,,,,,,,,,,,,1,,,,,,,,,,,,1,,,,,,,,,,,,,,,,,,,1,,,,,,,2,,,,,,,,,,,,,,,,,,1,1,,,,,1,1,,,,,,,,,,,,,,,,,,,,,,,,,,,,,,,,,,,,,,,1,,,,,,,,,,,,,,,,,,,,,,,,,,,,,,,,,,,,,,,,1,,,,,,,,,,1,,,,,,,,,,,,,,,,,,,,,,,,,,,,,,,,,,,,,,,1,,,,,,,,,,,,,,2,1,,,,,,,,,,,,,,,,,,,,,,,,,,,,,,,,,,,,,,,,,,,,,,,,,,,,,,,,,,,,,,,,,,,,,,,,,,,,,,,,,,,,,,,,,,,,,,,,,,,,,,,,,,,,,,,,,,,,,,,,,,,,,,,,,,,,,,,,,,,,,,,,,,,,,,,,,,,,,,,,,,,,,,,,,,,,,,,,,,,,,,,,,,,,,,,,,,,,,,,,,,,,,,,,,,,,,,,,,,,,,,,,,,,,,,,,,,,,,,,,,,,,,,,,,,,,,,,,,,,,,,,,,,,,,,,,,,,,,,,,,,,,,,,,,,,,,,,,,,,,,,,,,,,,,,,,,,,,,,,,,,,,,,,,,,,,,1,1,1,1,1,1,1,1,1,1,1,1,1,1,1,1,1,1,,,,,,,,,,,,,,,,,,,,,,,,,,,,,,,,,,,,,,,,,,,,,,,,,,,,,,,,,,,,,,,,,,,,,,,,,,,,,,,,,,,,,,,,,,,,,,,,,,,,,,,,,,,,,,,,,,,,,,,,,,,,,,,,,,,,,,,,,,,,,,,,,,,,,,,,,,,,,,,,,,,,,,,,,,,,,,,,,,,,,,,,,,,,,,,,,,,,,,,,,,,,,,,,,,,,,,,,,,,,,,,,
interview-21.csv,13,13,9,6,13,10,5,11,3,6,3,5,,11,3,11,8,4,2,5,4,5,3,,3,1,4,2,5,2,4,2,1,2,6,1,,1,3,2,5,2,3,1,2,6,1,4,,4,5,2,1,,,,2,1,5,3,,1,,3,3,,2,2,,,1,1,,,2,2,,,1,3,,,,,1,,,4,1,,,,1,1,,,2,1,3,3,,,,1,,,1,,1,,1,4,3,,,,1,,1,1,3,,1,,,1,,1,1,,,1,,1,,,,,2,1,,,,1,,1,1,1,3,2,,,1,1,1,,2,,2,,,,1,1,,,1,,1,,2,,,,,,,1,1,1,,,1,,1,,,,1,1,,,,,,1,,,,,,,,1,,,2,,,,1,,1,1,,,,,,,,1,2,,,,,,1,1,,1,2,,1,2,,,,,,,,2,,1,,,,,1,1,,1,,,,,1,,,,,,,,1,,,,,1,1,1,,1,,,,,,,,,,,,,1,,,,,,,1,,1,1,,,,,1,,,1,,,,,,,,,,,,,,,,,,1,,,,,,,,,,,,,1,,,,,,,,,1,,1,,,,,,,,,,,,,1,,,,,2,,,,,,,,,,1,,,,,,,1,,,,,2,,1,,,,,,1,,,,,,,,,1,,,,,,,,,,,,,,,,,,,,,,,,,1,,,1,,1,,,,,,,,,,,,,,,,,,,,,,,,,,,,,,,,,,,,,,,,,,,,,,,,1,,,,,,,,1,,,,,,,,,1,,,,,,,,,,,,,,1,,,,,,,,,,,,,,,,,1,,,,,,,,,,,,,,,,,,,,,,,,,,,,,,,,,,,,,,,1,,,,,,,,,,,,,,,,,,,,,,,,,,,,,,,,,,,,,,,,,,,,,,,,,,,,,,,,,1,,,,,,,,,,,,,,,,,1,,,,,,,,,,,,,,,,,,,,,,,,,,,,,,2,1,1,,,,,,,,,,,,,,,,,,,,,,,,,,,,,,,,,,,,,,,,,,,,,,,,,,,,,,,,,,,,,,,,,,,,,,,,,,,,,,,,,,,,,,,,,,,,,,,,,,,,,,,,,,,,,,,,,,,,,,,,,,,,,,,,,,,,,,,,,,,,,,,,,,,,,,,,,,,,,,,,,,,,,,,,,,,,,,,,,,,,,,,,,,,,,,,,,,,,,,,,,,,,,,,,,,,,,,,,,,,,,,,,,,,,,,,,,,,,,,,,,,,,,,,,,,,,,,,,,,,,,,,,,,,,,,,,,,,,,,,,,,,,,,,,,,,,,,,,,,,,,,,,,,,,,,,,,,,,,,,,,,,,,,,,,,,,,,,,,,,,,,,,,,,,1,1,1,1,1,1,1,1,1,1,1,1,,,,,,,,,,,,,,,,,,,,,,,,,,,,,,,,,,,,,,,,,,,,,,,,,,,,,,,,,,,,,,,,,,,,,,,,,,,,,,,,,,,,,,,,,,,,,,,,,,,,,,,,,,,,,,,,,,,,,,,,,,,,,,,,,,,,,,,,,,,,,,,,,,,,,,,,,,,,,,,,,,,,,,,,,,,,,,,,,,,,,,,,,,,,,,,,,,,,,,,,,,,,,,,,,,,,
interview-22.csv,71,21,15,21,3,21,16,10,7,12,10,7,,10,12,10,8,5,4,11,9,4,4,,3,3,3,6,5,2,6,3,1,3,3,4,8,6,5,1,8,11,7,1,1,3,4,3,2,11,2,5,8,5,3,4,1,3,3,2,3,2,2,,6,2,6,1,,1,3,2,2,2,1,3,1,1,1,2,2,2,,8,2,1,,2,,9,1,,1,1,1,3,1,2,1,1,2,2,1,4,,,2,,1,3,1,1,1,,2,,1,,3,,3,,3,,1,,,,2,,2,2,1,2,3,,1,2,2,,2,1,1,2,1,,1,2,3,1,,,3,1,1,1,1,1,,,1,,1,,,,,2,2,,4,,1,,,,,,1,,1,,,,,1,,,1,1,,1,,,,,,,,,2,1,,1,,,2,,1,,,1,,1,,,,3,,,,1,,1,,,1,,4,,,2,,,,,,,,,,,,,,,3,,,,2,2,,1,,,,,,,,1,,1,1,,,,,,,1,,,1,1,,,,2,,,,,,,,1,1,,,1,,,2,,,,,,,3,,1,,1,1,,,,,,,,1,,,,,,,,,,,1,,,,,2,,1,4,,,,,1,,,1,,,,,,,4,,2,,,,,,,,,,,1,,,,,,,,,,1,1,1,,,,,,,,,,,,4,,,,,,,,,1,1,,,,1,,1,,,,,,,1,,,,,,1,1,,,,1,,,,1,,,,,,,,,,,,,1,,,,,,,,2,,,,,,,,,,,,,,1,,,,,,,,,,1,,,,1,,,,,,,,,,,,,,,1,1,,,,,,,,,,,,,,,,,,,,,,,,,,,,,,,,,,,,,,,1,2,1,,1,1,1,,,,,,,,,,,,,,1,,,,,,,1,,,1,,,1,,,,,,,,,,,,,,,,,,,,,,,,,,,,,1,,,,,,,,,,,,,,,,,,1,,,,,,,,,,,,,,1,,,,,,,,,,,1,,,,,,,,,,,1,,,,,,,,,,,,,,,,,,,,,,,,,1,,,,,,,,1,1,1,1,1,,,,,,,,,,,,,,,,,,,,,,,,,,,,,,,,,,,,,,,,,,,,,,,,,,,,,,,,,,,,,,,,,,,,,,,,,,,,,,,,,,,,,,,,,,,,,,,,,,,,,,,,,,,,,,,,,,,,,,,,,,,,,,,,,,,,,,,,,,,,,,,,,,,,,,,,,,,,,,,,,,,,,,,,,,,,,,,,,,,,,,,,,,,,,,,,,,,,,,,,,,,,,,,,,,,,,,,,,,,,,,,,,,,,,,,,,,,,,,,,,,,,,,,,,,,,,,,,,,,,,,,,,,,,,,,,,,,,,,,,,,,,,,,,,,,,,,,,,,,,,,,,,,,,,,,,,,,,,,,,,,,,,,,,,,,,,,,,,,,,,,,,,,,,,,,,,,,,1,1,1,1,1,1,1,1,1,1,1,1,1,1,1,1,1,1,1,1,1,1,1,1,1,1,1,1,1,1,1,,,,,,,,,,,,,,,,,,,,,,,,,,,,,,,,,,,,,,,,,,,,,,,,,,,,,,,,,,,,,,,,,,,,,,,,,,,,,,,,,,,,,,,,,,,,,,,,,,,,,,,,,,,,,,,,,,,,,,,,,,,,,,,,,,,,,,,,,,,,,,,,,,,,,,,,,,,,,,,,,,,,,,,,,,,,,,,,,,,,,
interview-23.csv,37,28,28,5,5,7,4,9,7,1,1,4,,15,4,4,7,1,13,5,4,2,7,1,4,4,1,3,2,4,6,2,1,1,,3,4,4,1,5,5,5,3,3,1,2,8,4,2,,2,2,3,1,,1,3,3,3,4,,4,,1,1,1,1,3,,,2,1,,1,5,1,,1,2,3,1,1,,2,,3,5,6,,,,2,1,,,1,2,1,1,1,,,3,3,2,,3,,,,1,2,1,,,1,1,2,2,,,2,2,1,,1,1,3,2,1,1,2,2,,2,,,,2,1,1,,2,,,,,,1,1,,,,,1,,,,2,,1,1,1,3,,,2,,,,,,2,,,,,,1,2,1,,,2,,1,,,,,,2,,,,,,,,,,1,,,1,,1,,,,1,,,1,,,,,,,,,,,,,,1,,1,1,,1,,1,,,,,,,,,,,,,,,,,,,1,,1,,,,,,,,,,,,,,,,,,,,,1,1,,,1,,,3,,,1,,,,,,,,,,,,,,1,,,,,,1,,,,,,,,1,,,,1,1,,1,,1,,,,,,,,,,,,,,1,,,,,,,,1,,,,,,,,,,1,,1,,,,,1,,,,,,,,,,,,,,,,,1,,,1,,1,,,,2,,4,,,,,,,,,1,,,,,,,,,,,,,,1,,,,,,1,,2,,1,,,,,,,1,2,,,,,1,,,,,1,,,,,1,1,1,,,,,,,,,,,,,,,,,,,,,,,1,,,,,,,,,,,,,,,,,,,,,,,,1,,,,,,,,1,,,1,,,,,,,,,,,,,,,,,1,,,,,,1,,1,,,1,2,,,,,,,,,,,,,,,,,,,,,,,,,,,,,,,,,,,,,,,,,,,,,,,,,,,,,,,,,,1,,,,,,,,,,,,,,,,,,,,,,,,,,,,,,,,,,,,,,,,,,,,,,,,,1,,,1,,,,,,,,1,,,,,,1,,,,,,,,,,,,,,1,,,,,,,,1,2,1,1,2,1,1,,,,,,,,,,,,,,,,,,,,,,,,,,,,,,,,,,,,,,,,,,,,,,,,,,,,,,,,,,,,,,,,,,,,,,,,,,,,,,,,,,,,,,,,,,,,,,,,,,,,,,,,,,,,,,,,,,,,,,,,,,,,,,,,,,,,,,,,,,,,,,,,,,,,,,,,,,,,,,,,,,,,,,,,,,,,,,,,,,,,,,,,,,,,,,,,,,,,,,,,,,,,,,,,,,,,,,,,,,,,,,,,,,,,,,,,,,,,,,,,,,,,,,,,,,,,,,,,,,,,,,,,,,,,,,,,,,,,,,,,,,,,,,,,,,,,,,,,,,,,,,,,,,,,,,,,,,,,,,,,,,,,,,,,,,,,,,,,,,,,,,,,,,,,,,,,,,,,,,,,,,,,,,,,,,,,,,,,,,,,1,1,1,1,1,1,1,1,1,1,1,1,1,1,1,1,1,1,1,1,,,,,,,,,,,,,,,,,,,,,,,,,,,,,,,,,,,,,,,,,,,,,,,,,,,,,,,,,,,,,,,,,,,,,,,,,,,,,,,,,,,,,,,,,,,,,,,,,,,,,,,,,,,,,,,,,,,,,,,,,,,,,,,,,,,,,,,,,,,,,,,,,,,,,,,,,,,,,,,,,
interview-3.csv,2,2,4,,2,1,1,,,1,,1,,2,,,1,,2,1,1,,,1,,2,,,,2,,1,4,,4,,1,,,,,3,1,,,1,,,1,,,,1,1,1,,1,1,,,1,,1,,1,,,1,1,6,,,,1,,,,1,1,,1,1,,,1,,,,1,,,,1,,,,,,,,,,,2,,1,,,,,,,,,,,,,,,,1,,1,,,,,2,,,,,,,,,,,,,,,,,,2,1,1,,,1,,1,,,,,,1,,,1,,,,1,,,1,,1,,1,,,,,,6,,,,,,1,,,,,1,,,,,,,,,,,,,,,,,,,,,,,,,,,,,,,,,,1,,1,,1,,,,,,,,,,,,,,,,,,,,,,,1,1,,,1,,,,,,,,,,,,,,,,,,,,,,,,,,2,,,,,,,,,,1,,,,,,,,,1,,1,,,,,,,,,,,,,2,,,,,,,,,,,,,,,,,,,,,,,,,,,,,,,,,,,,,,,,,,,,,,,,,,,,,,,,,,,,,,,,,,,,,,,,,,,,,,,2,,,,,,,,,,,,,,,,,,,,,,,,,,1,,,,,,,,,,,,1,,,,,,,,,,,,,,,1,,1,,,,,,,,,,,,,,,,,,,1,,,,,,,,,,,,,,,,,,,,,,,,,,,,,,,,,,,,,,,,,,,,,,,,,,,,,,,,,,,,,,,,,,,,1,,,,,,,,,,,,,,,,,,,,,,,,,,,,,,,,,,,,,,,,,,,,,,,,,,,,,,,,,,,,,,,,,,,,,,,,,,,,,,,,,,,,,,,,,,,,,,,,,,,,,,,,,,,,,,,,,,,,,,,,,,,,,,,,,,,,,,,,,,,,,,1,,,,,1,,,,,,,,,,,,,,,,,,,,,,,,,,,,,,,,,,,,,,,,,,,,,,,,,,,,,,,,,,,,,,,,,,,,,,,,,,,,,,,,,,,,,,,,,,,,,,,,,,,,,,,,,,,,,,,,,,,,,,,,,,,,,,,,,,,,,,,,,,,,,,,,,,,,,,,,,,,,,,,,,,,,,,,,,,,,,,,,,,,,,,,,,,,,,,,,,,,,,,,,,,,,,,,,,,,,,,,,,,,,,,,,,,,,,,,,,,,,,,,,,,,,,,,,,,,,,,,,,,,,,,,,,,,,,,,,,,,,,,,,,,,,,,,,,,,,,,,,,,,,,,,,,,,,,,,,,,,,,,,,,,,,,,,,,,,,,,,,,,,,,,,,,,,,,,,,,,,,,,,,,,,,,,,,,,,,,,,,,,,,,,,,,,,,,,,,,,,,,,,,,,,,1,1,1,,,,,,,,,,,,,,,,,,,,,,,,,,,,,,,,,,,,,,,,,,,,,,,,,,,,,,,,,,,,,,,,,,,,,,,,,,,,,,,,,,,,,,,,,,,,,,,,,,,,,,,,,,,,,,,,,,,,,,,,,,,,,,,,,,,,,,,,,,,,,,,,,,,,,,,,,,,,,,
interview-6.csv,20,25,13,20,14,9,5,1,3,8,13,5,15,1,9,5,3,4,3,1,1,1,3,8,1,3,6,4,3,3,1,1,7,3,5,5,,5,5,6,1,1,4,,4,1,2,,4,1,,,2,5,,1,,1,1,2,,5,6,2,3,3,2,,2,2,,3,5,2,5,1,2,1,,,2,2,6,,4,4,1,,1,,6,,3,2,2,1,,1,1,1,9,1,1,,1,6,1,3,,2,1,1,,,,2,,5,,1,,9,1,8,,1,,2,,,,1,2,,1,,3,1,2,1,,1,3,1,,1,2,,,1,,1,,2,,2,,,,3,1,1,1,,2,3,1,,,3,1,,,2,,,,2,1,,1,,,,1,,,,,,1,6,1,,,1,1,3,,2,,2,,,1,,,,,,,,1,,,1,,,,1,1,,,1,,,2,,,2,,,,7,,,,1,,1,2,2,1,,,,,,,1,1,1,,,3,,,,1,,3,1,,,,,,4,,,1,1,,,,1,,,,2,,,2,,,,1,3,1,,1,,,2,,2,1,,,,1,,2,,,,,,2,,1,,,,2,,,,,,,,,,1,,1,,2,,,,,,,,,,1,,5,3,,,,,1,,,,,,,,,,,,2,,,1,,,,,,,,,,,,,,,,1,,,,,,1,,,,1,,,,2,,,,1,,,,,1,,1,,,,,,1,1,,,,,,,,,,,,,1,1,,2,1,1,,,,,,,,,,3,,,1,,,,,,,1,1,2,,,,,,1,,,,,,,,,,,,,,,,,,1,,,,,,,,,,,,,,,,,,,,,,1,1,,,,,,2,,,,,,,,,,1,,,,,,,,,,,,,,,,,,,,1,2,,1,1,2,,,,,,,,,,,,,,,,,,,,,,,,,,,,,,,,,,,,,,,,,,,,,,,,,,,1,,,,,,,,,,1,,,,,,,,,,,,,,,,,1,,,,,,,,,,,,,,,1,,,,,,,,,,,,,,,,,,,,,,,,1,,,,,,,,,,,,,,,,,,,,,,,1,,,1,,,,,,,,2,1,1,1,2,2,2,1,1,,,,,,,,,,,,,,,,,,,,,,,,,,,,,,,,,,,,,,,,,,,,,,,,,,,,,,,,,,,,,,,,,,,,,,,,,,,,,,,,,,,,,,,,,,,,,,,,,,,,,,,,,,,,,,,,,,,,,,,,,,,,,,,,,,,,,,,,,,,,,,,,,,,,,,,,,,,,,,,,,,,,,,,,,,,,,,,,,,,,,,,,,,,,,,,,,,,,,,,,,,,,,,,,,,,,,,,,,,,,,,,,,,,,,,,,,,,,,,,,,,,,,,,,,,,,,,,,,,,,,,,,,,,,,,,,,,,,,,,,,,,,,,,,,,,,,,,,,,,,,,,,,,,,,,,,,,,,,,,,,,,,,,,,,,,,,,,,,,,,,,,,,,,,,,,,,,,,,,,,,,,,,,,,,,,,,,,,,,,,,,,,,,,,,,,,,,1,1,1,1,1,1,1,1,1,1,1,1,1,1,1,1,1,1,1,1,1,1,1,1,1,1,1,1,,,,,,,,,,,,,,,,,,,,,,,,,,,,,,,,,,,,,,,,,,,,,,,,,,,,,,,,,,,,,,,,,,,,,,,,,,,,,,,,,,,,,,,,,,,,,,,,,,,,,,,,,,,,,,,,,,,,,,,,,,,,,,,,,,
interview-7.csv,25,14,17,2,11,,5,3,5,4,4,1,7,7,5,1,2,1,2,5,,4,10,10,1,7,7,,5,8,,2,,,10,3,2,2,2,2,1,4,2,1,4,,,1,6,,,,3,2,,1,4,1,2,1,,1,3,3,3,,,,10,3,,,6,4,3,1,2,,,1,5,,2,4,1,,,,,,,,1,1,1,3,1,2,,,2,1,,,3,,,2,,,,,,,2,,1,3,,,,,3,,2,,,,,,,,1,,,2,,,,,1,,1,,,,,,,1,,3,1,2,,,1,3,,2,1,,,,3,,,,,3,,,1,,,,,,,,,1,,,,,1,,,,,,,,3,,2,,2,,,,,,1,,,1,,2,1,1,,,2,,,,,,,,,1,1,1,,3,1,,,1,,,1,2,,4,,,,,,,2,1,,,,,,,2,,,,,,,,1,,,,1,,,,1,,,,,,1,,1,,,1,,1,,,,3,1,,,,,,3,,,2,,,,,1,,1,,,1,,,,,,1,1,1,,1,,2,,,,,,,,,,,,,,1,,,,,1,,,,,,1,,,,,,,,,,,1,,,2,,,,1,,1,1,,,,,,,,,,,,1,,2,2,,,,,,1,,,,,1,,,3,,,,1,,,,,,,,,1,,1,,,,3,,,,,,,,,1,,,,,1,,,,,,,,,,,,,,,,,,1,,,,,,,,,,,,,,,,,,,,,,,,,,,,,,,,,1,,,,,,,,1,,,,1,,,,,,,,,,,,,1,,1,,,,,,,,,,,,1,,,,,,1,,,,,1,,,,,,,,,,,,2,1,2,,,,,,,,,,,,,,,,,,,,,,,,,,,,,,,,,,1,,,,1,,,,,,,,,,,,,,,,,,,,,,,,1,,,,,,,,,,,,,,,,,,,,,1,,,,,,,,,,,,,,,,,,,,,,,,,,,,,,,,,1,1,,,,,,,,,,,,,,,,,,,,,,1,,,,,,,,,,1,,1,,,,,,1,,,,,,,,,,,,,,,,,,,,,,,,,,,,,,,,,,,,,,,,,,,,,,,,,,,,,,,,,,,,,,,,,,,,,,,,,,,,,,,,,,,,,,,,,,,,,,,,,,,,,,,,,,,,,,,,,,,,,,,,,,,,,,,,,,,,,,,,,,,,,,,,,,,,,,,,,,,,,,,,,,,,,,,,,,,,,,,,,,,,,,,,,,,,,,,,,,,,,,,,,,,,,,,,,,,,,,,,,,,,,,,,,,,,,,,,,,,,,,,,,,,,,,,,,,,,,,,,,,,,,,,,,,,,,,,,,,,,,,,,,,,,,,,,,,,,,,,,,,,,,,,,,,,,,,,,,,,,,,,,,,,,,,,,,,,,,,,,,,,,,,,,,,,,,,,,,,,,,,,,,,,,,,,,,,,,,,,,,,,,,,,,,,,,,,,,,,,,,,,,,,,,,,,,,,,,,,,,,,,,,1,1,1,1,1,1,1,1,1,1,1,1,1,1,1,1,1,1,1,1,1,,,,,,,,,,,,,,,,,,,,,,,,,,,,,,,,,,,,,,,,,,,,,,,,,,,,,,,,,,,,,,,,,,,,,,,,,,,,,,,,,,,,,,,,,,,,,,,,,,,,,,,,,,,,,
interview-8.csv,43,30,39,16,10,8,18,8,13,20,6,9,2,6,13,5,3,11,5,6,12,9,5,3,2,8,4,6,3,2,2,5,4,14,9,6,1,2,4,1,1,2,,3,6,3,,1,1,,8,2,2,4,,1,1,4,2,1,,1,,,4,2,,,2,1,2,6,,5,1,2,,2,6,1,2,3,1,,2,3,2,,1,,,6,2,2,2,2,3,,,,5,4,2,1,,1,,2,4,,1,1,1,,1,1,4,2,1,3,4,,,1,,2,2,4,1,1,3,1,1,,3,,1,1,1,,4,,2,1,3,1,,1,,,,1,1,,5,,1,1,1,,1,1,1,,,,,,1,1,2,3,1,1,4,7,1,1,,,1,,1,2,1,,1,,1,,,,1,1,2,1,,1,,,1,,3,1,1,,,,,1,,,1,,1,,2,1,,,1,,,,2,,,,,1,3,1,,,,,,1,1,,3,,,1,1,,,,1,,1,,2,4,1,1,,1,2,,,,2,,,,,,,,2,,,1,,,2,,2,,1,,3,,1,,1,,,,,,,,,,1,,1,,,,,,,,,5,,1,,2,,1,,,,,1,1,2,,,,,,1,,,,,,,,1,,,,,1,,,,3,,1,1,,,,,,,1,,,1,,,1,,,1,,1,,,,,,,,,,,,1,,1,,,,,,,,3,,,2,,,,,,,1,,,,,,,,,,,,,,,,,,1,1,,,,,,,,,,,,1,1,2,,,,,1,,,,1,,,1,1,,1,,1,,,1,1,,,,,,,,,,,,,,,,,,,,,,,,,,,,,,,,,,,,,,,,,,,,,,,,,,,,,,,,,,,,,,,2,,,1,,,,,,,,,1,,1,,,,,,,,,1,,,,,2,,,,,,,,,,,,,,,,,,,,,,,,,,,,,,,,,,,,,,,,,,,,,,,,,,,,,,,,,,,,,,,,1,,,,,,1,,,,,,,,,,,,,,,,,,,,,,,,,,,,,,,,,,,,,,,,,,,,,,,,,,,,,,,,,,1,,,,,,,,,,,,,,,,,,1,,,1,,,,,1,,,2,2,2,2,1,1,2,1,2,,,,,,,,,,,,,,,,,,,,,,,,,,,,,,,,,,,,,,,,,,,,,,,,,,,,,,,,,,,,,,,,,,,,,,,,,,,,,,,,,,,,,,,,,,,,,,,,,,,,,,,,,,,,,,,,,,,,,,,,,,,,,,,,,,,,,,,,,,,,,,,,,,,,,,,,,,,,,,,,,,,,,,,,,,,,,,,,,,,,,,,,,,,,,,,,,,,,,,,,,,,,,,,,,,,,,,,,,,,,,,,,,,,,,,,,,,,,,,,,,,,,,,,,,,,,,,,,,,,,,,,,,,,,,,,,,,,,,,,,,,,,,,,,,,,,,,,,,,,,,,,,,,,,,,,,,,,,,,,,,,,,,,,,,,,,,,,,,,,,,,,,,,,,,,,,,,,,,,,,,,,,,,,,,,,,,,,,,,,,,,,,,,,,,,,,,,,,,,,,,,,,,,,,,,,,,,,,,,,,,,,,,,,,,,,,,1,1,1,1,1,1,1,1,1,1,1,1,1,1,1,1,1,1,1,1,1,1,1,1,1,1,1,1,1,,,,,,,,,,,,,,,,,,,,,,,,,,,,,,,,,,,,,,,,,,,,,,,,,,,,,,,,,,,,,,,,,,,,,,,,,,,,,,,,
interview-9.csv,34,39,48,28,5,23,8,11,14,5,19,12,,9,11,3,10,17,7,5,7,2,9,,13,6,4,4,4,6,3,3,2,7,,,5,2,3,7,2,1,,,4,,1,2,1,,3,7,,4,,7,1,3,1,4,,6,2,3,4,3,1,6,,3,1,3,,2,1,5,3,2,6,2,2,4,,5,3,,6,,,,5,6,5,2,1,4,2,1,3,3,,2,2,,,3,4,5,9,2,1,,1,1,1,,1,2,2,3,3,2,,,,1,1,1,,1,,1,4,1,2,1,2,,1,2,,1,1,2,1,3,4,2,1,,2,2,3,,2,9,,1,1,,1,2,,1,1,1,2,2,,1,1,,1,,,,,,,,2,3,,2,,,1,2,,1,1,,2,1,1,3,,,,1,,2,1,,1,3,1,,,1,2,1,,,,5,1,,1,,2,,1,1,1,,,,,,2,,1,,,,3,,1,1,,1,1,1,,,2,1,3,1,,,,,,1,,2,,,,,1,2,2,1,1,,1,2,,,,2,,2,,,1,,,,1,,,1,,,1,,,1,,,,,,3,,1,,,,,,1,,1,,1,,,,,,,,1,,,,3,,1,,,1,,,1,1,,,,1,,,,,,,,,,,,,,,,,,,,,,,,,,,,,,,,1,,,,,,,,,,,,,,1,,,,,,,,,1,,,,,,,,,,,,,,1,,,,,,,1,,1,,,,2,2,,1,,,,,,,,1,,1,,1,,,1,,,,1,2,1,,,,,1,,,1,,,2,,,,,1,,,,,,,,,,,,,1,,1,,,,,,,,,,,,,,1,,,,,1,,,,,,,,,2,,,,,,,,,,,,,,,,,1,1,,1,,,,,1,,,,,,1,,,,,,,,1,1,,1,3,1,,,,,,,,,,,,,,,,,,,,,,,,,,,,,,,,,,,,,,1,,1,,,,,,,,,,,,1,,1,,,,,,,,,1,,,,,,,,1,,,,,,,,,,,,,,,,,,,,,,,,,,,,,,,,,1,1,,,,,,,,,,,,1,1,,,,,,,,,,,,,,,,,,,,1,,,1,,,,,,,,,,,,,,,,,,1,,,,,2,1,,,,,,,,,,,,,,,,,,,,,,,,,,,,,,,,,,,,,,,,,,,,,,,,,,,,,,,,,,,,,,,,,,,,,,,,,,,,,,,,,,,,,,,,,,,,,,,,,,,,,,,,,,,,,,,,,,,,,,,,,,,,,,,,,,,,,,,,,,,,,,,,,,,,,,,,,,,,,,,,,,,,,,,,,,,,,,,,,,,,,,,,,,,,,,,,,,,,,,,,,,,,,,,,,,,,,,,,,,,,,,,,,,,,,,,,,,,,,,,,,,,,,,,,,,,,,,,,,,,,,,,,,,,,,,,,,,,,,,,,,,,,,,,,,,,,,,,,,,,,,,,,,,,,,,,,,,,,,,,,,,,,,,,,,,,,,,,,,,,,,,,,,,,,,,,,,,,,,,,,,,,,,,,,,,,,,,,,,,,,,,,,,,,,,,,,,,,,,,,,,,,,,,,,,,,,,,,,,,,,,,,,,,,,,,,,,,,,,,,,,,,,,,,,,,,,,,,,,,,,1,1,1,1,1,1,1,1,1,1,1,1,1,1,1,1,1,1,1,1,1,1,1,1,1,1,,,,,,,,,,,,,,,,,,,,,,,,,,,,,,,,,,,,,,,,,,,,,,,,,,,,,,
interview4.csv,56,34,30,37,7,40,7,7,10,13,20,10,,2,11,8,2,9,1,11,17,3,5,,6,3,10,7,3,1,4,3,5,11,5,4,9,8,4,3,5,3,4,1,2,6,2,1,2,5,8,3,6,6,,1,3,4,,2,,1,1,1,4,8,5,5,,2,6,9,,7,4,2,4,3,1,,3,4,1,2,4,3,,1,,1,3,,3,2,11,1,2,,4,4,2,,5,5,1,2,,,,2,,1,,,3,3,,2,1,1,2,2,3,,2,,3,2,1,1,3,1,,2,2,,4,7,,4,1,2,4,2,,1,1,,,,1,1,3,,1,1,,3,2,,1,2,2,,1,1,3,,3,1,,5,,,1,,2,,1,,,1,,1,,1,,1,1,2,1,,,1,2,2,,1,,1,,3,2,1,1,1,1,1,,,1,,,1,,2,2,,,,,2,,,,,,1,,2,1,,1,,2,,1,,,,1,1,2,,,,,2,,4,,3,,,,,,1,1,,1,,,,,,,,,,,,,,,1,,,,,,,,1,3,,2,,2,,1,2,,,1,,,,1,,,,,1,,,,,,,,,,,,,,,2,2,,,,,1,,,,1,,,,,,,,,1,,,,,,,2,,1,,,,,,,1,,,,,1,,,,,1,1,,,,1,,,,,1,,1,,,1,,,,,,,,1,1,,,,,2,,,,,,,,,,,1,,,,,,,,,,,,,,,1,,,,,,,,,,,,,,,,1,,1,,,1,,,2,,,2,,,1,,2,,4,,,,,,,,,,,,,,,1,,1,,,,,,,,,,,,,,,,,,,,,,,,,1,,,,,,1,,,,,,,,,1,,,,,,,,,,,,1,,,,,1,,,,1,,,,,,,,,1,,,,2,,,,,,,,,,,,,,,,,,,,1,,,,,,,,,,,,,,1,,,,,,,,,,1,,,1,,,,,,,,,,1,,,,,,,,,,,,1,,,,,,,,,,,,,,,,,,,,,,,,,,,,,1,,,,,,,,,,,,,,,,,,,,,,,,,,,,,,,,,,,,,,,,,,,,,1,,,,,,,,,,,1,,,,,,1,,,,,1,1,,,,,,,,,,,,,,,,,,,,,,,,,,,,,,,,,,,,,,,,,,,,,,,,,,,,,,,,,,,,,,,,,,,,,,,,,,,,,,,,,,,,,,,,,,,,,,,,,,,,,,,,,,,,,,,,,,,,,,,,,,,,,,,,,,,,,,,,,,,,,,,,,,,,,,,,,,,,,,,,,,,,,,,,,,,,,,,,,,,,,,,,,,,,,,,,,,,,,,,,,,,,,,,,,,,,,,,,,,,,,,,,,,,,,,,,,,,,,,,,,,,,,,,,,,,,,,,,,,,,,,,,,,,,,,,,,,,,,,,,,,,,,,,,,,,,,,,,,,,,,,,,,,,,,,,,,,,,,,,,,,,,,,,,,,,,,,,,,,,,,,,,,,,,,,,,,,,,,,,,,,,,,,,,,,,,,,,,,,,,,,,,,,,,,,,,,,,,,,,,,,,,,,,,,,,,,,,,,,,,,,,,,,,,,,,,,,,,,,,,,,,,,,,,,,,,,,,,,,,,,,,,,,,,,,,,,,,,,,,,,,,,,1,1,1,1,1,1,1,1,1,1,1,1,1,1,1,1,1,1,1,1,1,1,1,1,1,1,1,1,1,1,,,,,,,,,,,,,,,,,,,,,,,,
interview5.csv,3,7,4,,5,3,5,,3,,4,7,26,,1,,,1,,,,,6,7,1,2,1,1,2,,,1,,,5,,4,2,2,1,1,,3,,1,1,,,3,,,,6,1,8,,1,2,,,8,,1,3,3,,,,,,,,,1,,,1,,1,1,,1,,,1,1,,,,,,,1,,1,,,,,,1,,,,,1,,,,,,1,3,,,1,1,,,,3,,,4,,1,,1,,,,,,,,2,,1,,,,,,,3,,,,1,1,,,1,1,,1,,1,,,,1,1,,,,,,,1,,,,1,3,3,1,,2,,,1,,,1,,,,,,2,,,,,1,,,4,,,,1,,,,,,1,1,,,,,2,,,,,1,,1,,,1,1,1,,,,,,,1,,,,,,,,1,1,,1,,,,1,,1,,1,,3,1,,,,,,,,,,,,,,,,,,,1,,,,,,,1,,1,,1,,,,,2,,,,,,,,,,,1,,,,,,,1,,,,,,,,,,,,,,,,,,,,,,,1,1,,,,1,,,,,,1,1,,,,,,1,,,,,1,,,,,,,,,,,,1,,1,,,,,,,,,,,,,,,,,,,1,,,,,,,,,,,1,,,,,,1,,,,,,,,,,,,,,,,,,,,,,,,,,,,,,,,,,,,,,,,,,1,,,,1,,,,,,,,,,,,,,,,,,,,,,,,,,,,1,,1,,,,,,,,,,,,,,,,,,,,,,,,,,,,,,,,,,,,,1,,,,,,,,,,,,,,,1,,,,,1,,,,,,,,,,,,,,,,,,,,,,,,,,,,1,,,,,,,,,,,,,,,,,,,,,,,,,,,,,,,,,,,,,,,,,,,,,,,,,,,,,,,,,,,,,,,,1,,,,,1,,,,1,,,,,,,,,,,,,,,,,,,,,,,,,,,,,,,,,1,,,,,,,,,,,,,,,,,,,,,,,,,,,,,,,,,,1,,,,,,,,,,,,,,,,,,,,,,,,,,,,,,,,,,,,,,,,,,,,,,,,,,,,,,,,,,,,,,,,,,,,,,,,,,,,,,,,,,,,,,,,,,,,,,,,,,,,,,,,,,,,,,,,,,,,,,,,,,,,,,,,,,,,,,,,,,,,,,,,,,,,,,,,,,,,,,,,,,,,,,,,,,,,,,,,,,,,,,,,,,,,,,,,,,,,,,,,,,,,,,,,,,,,,,,,,,,,,,,,,,,,,,,,,,,,,,,,,,,,,,,,,,,,,,,,,,,,,,,,,,,,,,,,,,,,,,,,,,,,,,,,,,,,,,,,,,,,,,,,,,,,,,,,,,,,,,,,,,,,,,,,,,,,,,,,,,,,,,,,,,,,,,,,,,,,,,,,,,,,,,,,,,,,,,,,,,,,,,,,,,,,,,,,,,,,,,,,,,,,,,,,,,,,,,,,,,,,,,,,,,,,,,,,,,,,,,,,,,,,,,,,,,,,,,,,,,,,,,,,,,,,,,,,,,,,,,,,,,,,,,,,,,,,,,,,,,,,,,,,,,,,,,,,,,,,,,,1,1,1,1,1,1,,,,,,,,,,,,,,,,,,
inteview-16.csv,25,15,22,8,5,3,3,11,6,8,3,4,,5,4,8,1,2,11,1,4,1,3,,5,6,2,5,4,2,3,3,5,1,1,6,3,1,1,2,2,7,2,,2,1,9,1,1,,2,2,2,1,,6,1,,2,1,,1,,1,3,1,3,1,,4,,1,1,,2,2,1,,5,2,3,1,2,,1,3,4,,1,2,,2,,1,2,1,1,,2,1,1,2,1,2,2,1,,,2,,2,,2,,2,1,3,,1,1,1,,2,,,,1,2,,1,1,,,1,,1,,1,1,,1,,,3,1,,1,2,1,,1,,,1,2,,1,,,,,,,,,1,,1,,,1,,,2,,,1,,,,1,2,1,1,,,1,,,,1,1,,1,1,,,,,1,,,,,1,,1,1,,,1,1,,,1,,,2,,,2,,,,,,,,,,,,,,1,1,1,,1,,1,,1,,1,,1,,,,,,,1,,,1,,1,,,,,,1,,1,1,2,1,1,,2,,,,,,,,1,,,,1,,,2,2,,,,,,,,1,,,1,,,,3,,,,,,,,,,,,,,,,,,,,,,,,2,,,,,,,,,,,,,,,,,,1,,,,,,,,,1,,,,,,,,,,,,,,,,,,,1,,1,1,,,,,,1,1,,,,,,,,3,,,,,,,,,,,,,,,,,,,2,,,,,1,,,,,,,,,,,,,,,,,,,,,,,1,,,,,1,,,1,1,,,,2,,,,,,,,,,,,,,,,,,,,,,,,,,,,,,,,,,,,,,,,,,,,,,,,,,,,,,,,2,1,,,,,,,,,,,,,,,,,,,,,,,,,,2,,,,,,1,,,,,,,,,1,,,,,,,,,,,,,,,,,,,,,,,,,,,,,,,,,1,,,,,,,,,,,,,,,,,,,,,,,,,,,,,,,,,,,,,,,,,,,,,,,,,,,,,,,,,1,,,,,,,,,,,1,,1,,,1,,,,,,,,1,,1,,,,,,,,,,1,,,,,,,,,,,,,,,,,,,,,1,,,,,,,,,,,,,1,2,,,,,,,,,,,,,,,,,,,,,,,,,,,,,,,,,,,,,,,,,,,,,,,,,,,,,,,,,,,,,,,,,,,,,,,,,,,,,,,,,,,,,,,,,,,,,,,,,,,,,,,,,,,,,,,,,,,,,,,,,,,,,,,,,,,,,,,,,,,,,,,,,,,,,,,,,,,,,,,,,,,,,,,,,,,,,,,,,,,,,,,,,,,,,,,,,,,,,,,,,,,,,,,,,,,,,,,,,,,,,,,,,,,,,,,,,,,,,,,,,,,,,,,,,,,,,,,,,,,,,,,,,,,,,,,,,,,,,,,,,,,,,,,,,,,,,,,,,,,,,,,,,,,,,,,,,,,,,,,,,,,,,,,,,,,,,,,,,,,,,,,,,,,,,,,,,,,,,,,,,,,,,,,,,,,,,,,,,,,,,,,,,,,,,,,,,,,,,,,,,,,,,,,,,,,,,,,,,,,,,,,,,,,,,,,,,,,,,,,,,,,,,,,,,,,,,,,,,,,,,,,,,,,,,,,,,,,,,,,,,,,,,,,,,,,,,,,,,,,,,,,,,,,,,,,,,,,,,,,,1,1,1,1,1,1,1,1,1,1,1,1,1,1,1,1,1,1
total,709,515,467,265,261,212,196,175,165,141,138,137,135,127,126,126,121,118,110,98,97,96,93,88,84,83,83,77,75,72,71,70,70,70,70,68,67,66,65,64,64,63,60,60,59,56,56,55,54,54,54,54,53,52,51,51,51,51,50,50,49,49,48,47,47,47,46,45,44,43,42,42,42,41,41,41,41,40,40,39,39,39,38,36,36,36,36,36,35,35,35,35,33,33,33,32,32,32,32,31,30,29,29,29,29,29,29,29,29,29,28,28,28,28,28,27,27,27,27,27,27,26,26,25,25,25,25,25,25,25,24,24,24,23,23,22,22,22,22,22,22,21,21,21,21,21,21,20,20,20,19,19,19,19,19,19,18,18,18,18,17,17,17,17,17,16,16,16,16,16,16,15,15,15,15,15,15,15,15,15,15,14,14,14,14,14,14,14,14,14,14,14,13,13,13,13,13,13,13,13,13,13,13,13,12,12,12,12,12,11,11,11,11,11,11,11,11,11,10,10,10,10,10,10,10,10,10,10,10,10,10,10,10,10,10,10,10,9,9,9,9,9,9,9,9,9,9,9,9,9,9,9,9,9,9,8,8,8,8,8,8,8,8,8,8,8,8,8,8,8,8,8,8,8,8,8,8,8,8,8,8,8,8,8,8,8,8,8,8,7,7,7,7,7,7,7,7,7,7,7,7,7,7,7,7,7,7,7,7,6,6,6,6,6,6,6,6,6,6,6,6,6,6,6,6,6,6,6,6,6,6,6,6,6,6,6,6,6,6,6,6,6,6,6,6,6,6,6,6,5,5,5,5,5,5,5,5,5,5,5,5,5,5,5,5,5,5,5,5,5,5,5,5,5,5,5,5,5,5,5,5,5,5,5,5,5,5,5,5,5,5,5,5,4,4,4,4,4,4,4,4,4,4,4,4,4,4,4,4,4,4,4,4,4,4,4,4,4,4,4,4,4,4,4,4,4,4,4,4,4,4,4,4,4,4,4,4,4,4,4,4,4,4,4,4,4,4,4,4,4,4,4,4,3,3,3,3,3,3,3,3,3,3,3,3,3,3,3,3,3,3,3,3,3,3,3,3,3,3,3,3,3,3,3,3,3,3,3,3,3,3,3,3,3,3,3,3,3,3,3,3,3,3,3,3,3,3,3,3,3,3,3,3,3,3,3,3,3,3,3,3,3,3,3,3,3,3,3,3,3,3,3,3,3,3,3,3,3,3,3,3,3,3,3,2,2,2,2,2,2,2,2,2,2,2,2,2,2,2,2,2,2,2,2,2,2,2,2,2,2,2,2,2,2,2,2,2,2,2,2,2,2,2,2,2,2,2,2,2,2,2,2,2,2,2,2,2,2,2,2,2,2,2,2,2,2,2,2,2,2,2,2,2,2,2,2,2,2,2,2,2,2,2,2,2,2,2,2,2,2,2,2,2,2,2,2,2,2,2,2,2,2,2,2,2,2,2,2,2,2,2,2,2,2,2,2,2,2,2,2,2,2,2,2,2,2,2,2,2,2,2,2,2,2,2,2,2,2,2,2,2,2,2,2,2,2,2,2,2,2,2,2,2,2,2,2,2,2,2,2,2,2,2,2,2,2,2,2,2,2,2,1,1,1,1,1,1,1,1,1,1,1,1,1,1,1,1,1,1,1,1,1,1,1,1,1,1,1,1,1,1,1,1,1,1,1,1,1,1,1,1,1,1,1,1,1,1,1,1,1,1,1,1,1,1,1,1,1,1,1,1,1,1,1,1,1,1,1,1,1,1,1,1,1,1,1,1,1,1,1,1,1,1,1,1,1,1,1,1,1,1,1,1,1,1,1,1,1,1,1,1,1,1,1,1,1,1,1,1,1,1,1,1,1,1,1,1,1,1,1,1,1,1,1,1,1,1,1,1,1,1,1,1,1,1,1,1,1,1,1,1,1,1,1,1,1,1,1,1,1,1,1,1,1,1,1,1,1,1,1,1,1,1,1,1,1,1,1,1,1,1,1,1,1,1,1,1,1,1,1,1,1,1,1,1,1,1,1,1,1,1,1,1,1,1,1,1,1,1,1,1,1,1,1,1,1,1,1,1,1,1,1,1,1,1,1,1,1,1,1,1,1,1,1,1,1,1,1,1,1,1,1,1,1,1,1,1,1,1,1,1,1,1,1,1,1,1,1,1,1,1,1,1,1,1,1,1,1,1,1,1,1,1,1,1,1,1,1,1,1,1,1,1,1,1,1,1,1,1,1,1,1,1,1,1,1,1,1,1,1,1,1,1,1,1,1,1,1,1,1,1,1,1,1,1,1,1,1,1,1,1,1,1,1,1,1,1,1,1,1,1,1,1,1,1,1,1,1,1,1,1,1,1,1,1,1,1,1,1,1,1,1,1,1,1,1,1,1,1,1,1,1,1,1,1,1,1,1,1,1,1,1,1,1,1,1,1,1,1,1,1,1,1,1,1,1,1,1,1,1,1,1,1,1,1,1,1,1,1,1,1,1,1,1,1,1,1,1,1,1,1,1,1,1,1,1,1,1,1,1,1,1,1,1,1,1,1,1,1,1,1,1,1,1,1,1,1,1,1,1,1,1,1,1,1,1,1,1,1,1,1,1,1,1,1,1,1,1,1,1,1,1,1,1,1,1,1,1,1,1,1,1,1,1,1,1,1,1,1,1,1,1,1,1,1,1,1,1,1,1,1,1,1,1,1,1,1,1,1,1,1,1,1,1,1,1,1,1,1,1,1,1,1,1,1,1,1,1,1,1,1,1,1,1,1,1,1,1,1,1,1,1,1,1,1,1,1,1,1,1,1,1,1,1,1,1,1,1